split,feature,stage,coefficient,absolute_coefficient
1,questionnaire_latency_mean,Stage 1,0.8826496591492309,0.8826496591492309
1,questionnaire_latency_sd,Stage 1,0.3451851723209255,0.3451851723209255
1,questionnaire_interval_mean,Stage 1,1.0497868670717454,1.0497868670717454
1,questionnaire_interval_sd,Stage 1,1.1197960195711105,1.1197960195711105
1,social_notification_latency_mean,Stage 1,1.1217208929239109,1.1217208929239109
1,social_notification_latency_sd,Stage 1,1.006767626647832,1.006767626647832
1,ambient_light_sd,Stage 1,0.7542438432157409,0.7542438432157409
1,fitbit_steps_active,Stage 1,0.6736913581605078,0.6736913581605078
1,active_session_duration,Stage 1,0.47215998436613826,0.47215998436613826
1,new_apps_added,Stage 1,0.21898042887453836,0.21898042887453836
1,scroll_interval_sd,Stage 1,0.7430660703863265,0.7430660703863265
1,tap_interval_sd,Stage 1,0.5210511916246212,0.5210511916246212
1,dwell_time_sd,Stage 1,1.1348861201307916,1.1348861201307916
1,idle_interval_sd,Stage 1,0.32838494280539493,0.32838494280539493
1,session_fragmentation,Stage 1,-0.16163596113088954,0.16163596113088954
1,pst_fixation_duration,Stage 2,-0.4278244067080336,0.4278244067080336
1,ast_saccade_time_max,Stage 2,-0.2830816310634632,0.2830816310634632
1,mgst_saccade_degree_total,Stage 2,0.269808679003631,0.269808679003631
1,mgst_saccade_degree_mean,Stage 2,0.3260857373513673,0.3260857373513673
1,mgst_saccade_time_max,Stage 2,-0.007895696609029217,0.007895696609029217
1,mgst_fixation_time_max,Stage 2,-0.3641390516574073,0.3641390516574073
1,mgst_fixation_mean,Stage 2,-0.6107324436509175,0.6107324436509175
1,mgst_saccade_latency_total,Stage 2,-0.172293245966566,0.172293245966566
1,mgst_saccade_duration,Stage 2,0.710456509307175,0.710456509307175
1,cdt_saccade_degree_sd,Stage 2,-0.3317490159473391,0.3317490159473391
1,stroop_saccade_degree_mean,Stage 2,0.13085407649543504,0.13085407649543504
1,stroop_screen_duration_mean,Stage 2,0.3877199471203874,0.3877199471203874
1,stroop_saccade_latency_total,Stage 2,0.5720685597536352,0.5720685597536352
2,questionnaire_latency_mean,Stage 1,0.5852633312536836,0.5852633312536836
2,questionnaire_latency_sd,Stage 1,0.5201203510348839,0.5201203510348839
2,questionnaire_interval_mean,Stage 1,0.5370491154681316,0.5370491154681316
2,questionnaire_interval_sd,Stage 1,1.2625208606781622,1.2625208606781622
2,social_notification_latency_mean,Stage 1,1.0115014124180393,1.0115014124180393
2,social_notification_latency_sd,Stage 1,0.9833562675663885,0.9833562675663885
2,ambient_light_sd,Stage 1,0.7123476940612163,0.7123476940612163
2,fitbit_steps_active,Stage 1,0.7359539356755396,0.7359539356755396
2,active_session_duration,Stage 1,0.3876343895481522,0.3876343895481522
2,new_apps_added,Stage 1,-0.12815481828035616,0.12815481828035616
2,scroll_interval_sd,Stage 1,0.5580615642930559,0.5580615642930559
2,tap_interval_sd,Stage 1,0.8205330397748681,0.8205330397748681
2,dwell_time_sd,Stage 1,0.8410993933891733,0.8410993933891733
2,idle_interval_sd,Stage 1,0.5645228874381996,0.5645228874381996
2,session_fragmentation,Stage 1,-0.22988187120225825,0.22988187120225825
2,pst_fixation_duration,Stage 2,-0.6458181750604537,0.6458181750604537
2,ast_saccade_time_max,Stage 2,0.32918492003627375,0.32918492003627375
2,mgst_saccade_degree_total,Stage 2,-0.24672721649291854,0.24672721649291854
2,mgst_saccade_degree_mean,Stage 2,0.4130988199050424,0.4130988199050424
2,mgst_saccade_time_max,Stage 2,0.21733645338717325,0.21733645338717325
2,mgst_fixation_time_max,Stage 2,-0.21689526317566568,0.21689526317566568
2,mgst_fixation_mean,Stage 2,-0.6414684188441686,0.6414684188441686
2,mgst_saccade_latency_total,Stage 2,-0.7318399151509718,0.7318399151509718
2,mgst_saccade_duration,Stage 2,0.4003074311387195,0.4003074311387195
2,cdt_saccade_degree_sd,Stage 2,-0.1116751259750065,0.1116751259750065
2,stroop_saccade_degree_mean,Stage 2,0.5430725123619385,0.5430725123619385
2,stroop_screen_duration_mean,Stage 2,0.5491072510723718,0.5491072510723718
2,stroop_saccade_latency_total,Stage 2,0.862032217116945,0.862032217116945
3,questionnaire_latency_mean,Stage 1,0.5634985819172027,0.5634985819172027
3,questionnaire_latency_sd,Stage 1,0.6723144171515449,0.6723144171515449
3,questionnaire_interval_mean,Stage 1,0.840435693081019,0.840435693081019
3,questionnaire_interval_sd,Stage 1,1.2709162273577501,1.2709162273577501
3,social_notification_latency_mean,Stage 1,1.0004138460690357,1.0004138460690357
3,social_notification_latency_sd,Stage 1,0.7803581573372599,0.7803581573372599
3,ambient_light_sd,Stage 1,0.7960755287649918,0.7960755287649918
3,fitbit_steps_active,Stage 1,0.5229814532380073,0.5229814532380073
3,active_session_duration,Stage 1,0.4442516666179366,0.4442516666179366
3,new_apps_added,Stage 1,-0.2714955784813161,0.2714955784813161
3,scroll_interval_sd,Stage 1,0.4611290151043059,0.4611290151043059
3,tap_interval_sd,Stage 1,0.46674933380915173,0.46674933380915173
3,dwell_time_sd,Stage 1,0.8856899966158281,0.8856899966158281
3,idle_interval_sd,Stage 1,0.5825680532073655,0.5825680532073655
3,session_fragmentation,Stage 1,-0.22898430739750242,0.22898430739750242
3,pst_fixation_duration,Stage 2,-0.6191075118318075,0.6191075118318075
3,ast_saccade_time_max,Stage 2,0.2592308829225161,0.2592308829225161
3,mgst_saccade_degree_total,Stage 2,-0.06777756064247609,0.06777756064247609
3,mgst_saccade_degree_mean,Stage 2,-0.2645015721508917,0.2645015721508917
3,mgst_saccade_time_max,Stage 2,0.15207002782163537,0.15207002782163537
3,mgst_fixation_time_max,Stage 2,-0.3426952998151543,0.3426952998151543
3,mgst_fixation_mean,Stage 2,-0.2223330381395756,0.2223330381395756
3,mgst_saccade_latency_total,Stage 2,-0.5856689286831078,0.5856689286831078
3,mgst_saccade_duration,Stage 2,0.4783240658605491,0.4783240658605491
3,cdt_saccade_degree_sd,Stage 2,-0.5112074094478584,0.5112074094478584
3,stroop_saccade_degree_mean,Stage 2,0.41502730708312374,0.41502730708312374
3,stroop_screen_duration_mean,Stage 2,0.2484688280234304,0.2484688280234304
3,stroop_saccade_latency_total,Stage 2,0.877326443691963,0.877326443691963
4,questionnaire_latency_mean,Stage 1,0.46609761402431876,0.46609761402431876
4,questionnaire_latency_sd,Stage 1,0.3113361711444188,0.3113361711444188
4,questionnaire_interval_mean,Stage 1,0.891415178442146,0.891415178442146
4,questionnaire_interval_sd,Stage 1,0.8086191843210856,0.8086191843210856
4,social_notification_latency_mean,Stage 1,1.1649430050731748,1.1649430050731748
4,social_notification_latency_sd,Stage 1,1.0169870165297727,1.0169870165297727
4,ambient_light_sd,Stage 1,0.3271897453044928,0.3271897453044928
4,fitbit_steps_active,Stage 1,0.4152309720654269,0.4152309720654269
4,active_session_duration,Stage 1,0.563646102157725,0.563646102157725
4,new_apps_added,Stage 1,-0.06894825335031692,0.06894825335031692
4,scroll_interval_sd,Stage 1,0.468015996863249,0.468015996863249
4,tap_interval_sd,Stage 1,1.0553702534961074,1.0553702534961074
4,dwell_time_sd,Stage 1,1.0979676510186136,1.0979676510186136
4,idle_interval_sd,Stage 1,0.8280571442219239,0.8280571442219239
4,session_fragmentation,Stage 1,0.03400009620029822,0.03400009620029822
4,pst_fixation_duration,Stage 2,-0.5284037881834368,0.5284037881834368
4,ast_saccade_time_max,Stage 2,0.15367098558934172,0.15367098558934172
4,mgst_saccade_degree_total,Stage 2,0.13968959823872454,0.13968959823872454
4,mgst_saccade_degree_mean,Stage 2,0.303892335144889,0.303892335144889
4,mgst_saccade_time_max,Stage 2,0.18974682232362838,0.18974682232362838
4,mgst_fixation_time_max,Stage 2,-0.5464584294646995,0.5464584294646995
4,mgst_fixation_mean,Stage 2,-0.38226131351919046,0.38226131351919046
4,mgst_saccade_latency_total,Stage 2,-0.687573078968145,0.687573078968145
4,mgst_saccade_duration,Stage 2,0.30853018917789077,0.30853018917789077
4,cdt_saccade_degree_sd,Stage 2,-0.2990122393066505,0.2990122393066505
4,stroop_saccade_degree_mean,Stage 2,0.4926393211564185,0.4926393211564185
4,stroop_screen_duration_mean,Stage 2,0.11077483418902614,0.11077483418902614
4,stroop_saccade_latency_total,Stage 2,0.8316276567662115,0.8316276567662115
5,questionnaire_latency_mean,Stage 1,0.22646556220144382,0.22646556220144382
5,questionnaire_latency_sd,Stage 1,0.7441721243492517,0.7441721243492517
5,questionnaire_interval_mean,Stage 1,0.6489530765529188,0.6489530765529188
5,questionnaire_interval_sd,Stage 1,0.9072945469274011,0.9072945469274011
5,social_notification_latency_mean,Stage 1,1.4244460666231016,1.4244460666231016
5,social_notification_latency_sd,Stage 1,1.0673160674247837,1.0673160674247837
5,ambient_light_sd,Stage 1,0.4804116696963062,0.4804116696963062
5,fitbit_steps_active,Stage 1,0.41348119688971874,0.41348119688971874
5,active_session_duration,Stage 1,0.4572268081947091,0.4572268081947091
5,new_apps_added,Stage 1,-0.5301686035201977,0.5301686035201977
5,scroll_interval_sd,Stage 1,0.6308057135004744,0.6308057135004744
5,tap_interval_sd,Stage 1,0.8674219889199978,0.8674219889199978
5,dwell_time_sd,Stage 1,0.9837246311334175,0.9837246311334175
5,idle_interval_sd,Stage 1,0.24448371764045332,0.24448371764045332
5,session_fragmentation,Stage 1,-0.21221949405088142,0.21221949405088142
5,pst_fixation_duration,Stage 2,-0.3218132309246922,0.3218132309246922
5,ast_saccade_time_max,Stage 2,0.3038404854274739,0.3038404854274739
5,mgst_saccade_degree_total,Stage 2,0.6541026375626547,0.6541026375626547
5,mgst_saccade_degree_mean,Stage 2,0.19355959834767414,0.19355959834767414
5,mgst_saccade_time_max,Stage 2,0.5899058142683172,0.5899058142683172
5,mgst_fixation_time_max,Stage 2,-0.49168195807515613,0.49168195807515613
5,mgst_fixation_mean,Stage 2,-0.4403254678733283,0.4403254678733283
5,mgst_saccade_latency_total,Stage 2,-0.8607125562962837,0.8607125562962837
5,mgst_saccade_duration,Stage 2,0.6360422456379795,0.6360422456379795
5,cdt_saccade_degree_sd,Stage 2,-0.026418670927363472,0.026418670927363472
5,stroop_saccade_degree_mean,Stage 2,0.05414125885042807,0.05414125885042807
5,stroop_screen_duration_mean,Stage 2,-0.1199586409653937,0.1199586409653937
5,stroop_saccade_latency_total,Stage 2,0.7138623871429228,0.7138623871429228
6,questionnaire_latency_mean,Stage 1,0.6048136291956735,0.6048136291956735
6,questionnaire_latency_sd,Stage 1,0.526679910061864,0.526679910061864
6,questionnaire_interval_mean,Stage 1,0.9709930485781598,0.9709930485781598
6,questionnaire_interval_sd,Stage 1,1.3692193618914317,1.3692193618914317
6,social_notification_latency_mean,Stage 1,1.0957615442123156,1.0957615442123156
6,social_notification_latency_sd,Stage 1,0.9136875092856444,0.9136875092856444
6,ambient_light_sd,Stage 1,0.8130452165953747,0.8130452165953747
6,fitbit_steps_active,Stage 1,0.46320988578399896,0.46320988578399896
6,active_session_duration,Stage 1,0.22055867395951598,0.22055867395951598
6,new_apps_added,Stage 1,0.23402105894422157,0.23402105894422157
6,scroll_interval_sd,Stage 1,0.6972048309492671,0.6972048309492671
6,tap_interval_sd,Stage 1,0.46971362359142926,0.46971362359142926
6,dwell_time_sd,Stage 1,1.1298589500837513,1.1298589500837513
6,idle_interval_sd,Stage 1,0.24903469743294937,0.24903469743294937
6,session_fragmentation,Stage 1,0.23441807295116265,0.23441807295116265
6,pst_fixation_duration,Stage 2,-0.051928324666214276,0.051928324666214276
6,ast_saccade_time_max,Stage 2,-0.15323798509284567,0.15323798509284567
6,mgst_saccade_degree_total,Stage 2,0.8603653946445756,0.8603653946445756
6,mgst_saccade_degree_mean,Stage 2,0.2580064049692533,0.2580064049692533
6,mgst_saccade_time_max,Stage 2,0.3875342928926943,0.3875342928926943
6,mgst_fixation_time_max,Stage 2,-0.7491312581174125,0.7491312581174125
6,mgst_fixation_mean,Stage 2,-0.20342032740115254,0.20342032740115254
6,mgst_saccade_latency_total,Stage 2,-0.6394567968088954,0.6394567968088954
6,mgst_saccade_duration,Stage 2,0.8627508779868326,0.8627508779868326
6,cdt_saccade_degree_sd,Stage 2,-0.5692750367051562,0.5692750367051562
6,stroop_saccade_degree_mean,Stage 2,0.0655602336574959,0.0655602336574959
6,stroop_screen_duration_mean,Stage 2,-0.002639288352859315,0.002639288352859315
6,stroop_saccade_latency_total,Stage 2,0.7174063209172289,0.7174063209172289
7,questionnaire_latency_mean,Stage 1,0.4700981804685308,0.4700981804685308
7,questionnaire_latency_sd,Stage 1,0.6629175196708216,0.6629175196708216
7,questionnaire_interval_mean,Stage 1,0.39814988775390714,0.39814988775390714
7,questionnaire_interval_sd,Stage 1,1.1223190823141098,1.1223190823141098
7,social_notification_latency_mean,Stage 1,1.0470899268522205,1.0470899268522205
7,social_notification_latency_sd,Stage 1,0.9751526823455027,0.9751526823455027
7,ambient_light_sd,Stage 1,0.3495308552991727,0.3495308552991727
7,fitbit_steps_active,Stage 1,0.8579885172923857,0.8579885172923857
7,active_session_duration,Stage 1,0.19503231123896717,0.19503231123896717
7,new_apps_added,Stage 1,-0.19881858182619103,0.19881858182619103
7,scroll_interval_sd,Stage 1,0.8136352946872704,0.8136352946872704
7,tap_interval_sd,Stage 1,1.071624379109829,1.071624379109829
7,dwell_time_sd,Stage 1,1.1961289800451131,1.1961289800451131
7,idle_interval_sd,Stage 1,0.5570601725185523,0.5570601725185523
7,session_fragmentation,Stage 1,-0.035131529499597546,0.035131529499597546
7,pst_fixation_duration,Stage 2,-0.2829979967125958,0.2829979967125958
7,ast_saccade_time_max,Stage 2,0.2905504377854351,0.2905504377854351
7,mgst_saccade_degree_total,Stage 2,0.13260938028194205,0.13260938028194205
7,mgst_saccade_degree_mean,Stage 2,-0.1310508523963238,0.1310508523963238
7,mgst_saccade_time_max,Stage 2,0.09827146843136816,0.09827146843136816
7,mgst_fixation_time_max,Stage 2,-0.32185224146137026,0.32185224146137026
7,mgst_fixation_mean,Stage 2,-0.6163809848522588,0.6163809848522588
7,mgst_saccade_latency_total,Stage 2,-0.21436834745068092,0.21436834745068092
7,mgst_saccade_duration,Stage 2,0.37340108117137016,0.37340108117137016
7,cdt_saccade_degree_sd,Stage 2,-0.12218490142756601,0.12218490142756601
7,stroop_saccade_degree_mean,Stage 2,0.4332623331672329,0.4332623331672329
7,stroop_screen_duration_mean,Stage 2,-0.2050575014058385,0.2050575014058385
7,stroop_saccade_latency_total,Stage 2,0.6268801608141356,0.6268801608141356
8,questionnaire_latency_mean,Stage 1,0.28900015012995967,0.28900015012995967
8,questionnaire_latency_sd,Stage 1,0.5330194940750108,0.5330194940750108
8,questionnaire_interval_mean,Stage 1,1.0471226895010368,1.0471226895010368
8,questionnaire_interval_sd,Stage 1,1.0918032636313586,1.0918032636313586
8,social_notification_latency_mean,Stage 1,1.251979185859002,1.251979185859002
8,social_notification_latency_sd,Stage 1,0.8755158818320775,0.8755158818320775
8,ambient_light_sd,Stage 1,0.7637809555429371,0.7637809555429371
8,fitbit_steps_active,Stage 1,0.6033183411284951,0.6033183411284951
8,active_session_duration,Stage 1,0.2565857679519163,0.2565857679519163
8,new_apps_added,Stage 1,-0.0539603203087166,0.0539603203087166
8,scroll_interval_sd,Stage 1,0.35859539713504324,0.35859539713504324
8,tap_interval_sd,Stage 1,0.7979970053693061,0.7979970053693061
8,dwell_time_sd,Stage 1,0.786647474263332,0.786647474263332
8,idle_interval_sd,Stage 1,0.43329211764886416,0.43329211764886416
8,session_fragmentation,Stage 1,-0.06872140926710603,0.06872140926710603
8,pst_fixation_duration,Stage 2,-0.195769625609274,0.195769625609274
8,ast_saccade_time_max,Stage 2,0.284149674229977,0.284149674229977
8,mgst_saccade_degree_total,Stage 2,-0.08141117431250387,0.08141117431250387
8,mgst_saccade_degree_mean,Stage 2,-0.05752097998742448,0.05752097998742448
8,mgst_saccade_time_max,Stage 2,0.14169477932423932,0.14169477932423932
8,mgst_fixation_time_max,Stage 2,-0.5570773392362882,0.5570773392362882
8,mgst_fixation_mean,Stage 2,-0.6010741204572653,0.6010741204572653
8,mgst_saccade_latency_total,Stage 2,-0.19138987581680023,0.19138987581680023
8,mgst_saccade_duration,Stage 2,0.5225552143771456,0.5225552143771456
8,cdt_saccade_degree_sd,Stage 2,-0.49384518249561943,0.49384518249561943
8,stroop_saccade_degree_mean,Stage 2,0.417933602900269,0.417933602900269
8,stroop_screen_duration_mean,Stage 2,0.36519888889648927,0.36519888889648927
8,stroop_saccade_latency_total,Stage 2,0.7163942230040942,0.7163942230040942
9,questionnaire_latency_mean,Stage 1,0.29900486297244944,0.29900486297244944
9,questionnaire_latency_sd,Stage 1,0.325048563950895,0.325048563950895
9,questionnaire_interval_mean,Stage 1,0.7624390385122892,0.7624390385122892
9,questionnaire_interval_sd,Stage 1,0.6904506577921291,0.6904506577921291
9,social_notification_latency_mean,Stage 1,1.0536575010352396,1.0536575010352396
9,social_notification_latency_sd,Stage 1,0.9885741316273307,0.9885741316273307
9,ambient_light_sd,Stage 1,0.9396441076434046,0.9396441076434046
9,fitbit_steps_active,Stage 1,0.765275598169741,0.765275598169741
9,active_session_duration,Stage 1,0.6071424973530036,0.6071424973530036
9,new_apps_added,Stage 1,-0.11758479634913037,0.11758479634913037
9,scroll_interval_sd,Stage 1,0.39300579954077103,0.39300579954077103
9,tap_interval_sd,Stage 1,0.7937245109861217,0.7937245109861217
9,dwell_time_sd,Stage 1,0.9501170881129039,0.9501170881129039
9,idle_interval_sd,Stage 1,0.5693883333271249,0.5693883333271249
9,session_fragmentation,Stage 1,-0.041327670873217245,0.041327670873217245
9,pst_fixation_duration,Stage 2,-0.580602302618226,0.580602302618226
9,ast_saccade_time_max,Stage 2,0.44629732290141777,0.44629732290141777
9,mgst_saccade_degree_total,Stage 2,-9.555908505459471e-05,9.555908505459471e-05
9,mgst_saccade_degree_mean,Stage 2,0.3478054654093504,0.3478054654093504
9,mgst_saccade_time_max,Stage 2,0.30973893902854305,0.30973893902854305
9,mgst_fixation_time_max,Stage 2,-0.21039888080786517,0.21039888080786517
9,mgst_fixation_mean,Stage 2,-0.36373725113929656,0.36373725113929656
9,mgst_saccade_latency_total,Stage 2,-0.9554462487110705,0.9554462487110705
9,mgst_saccade_duration,Stage 2,0.5644902323049633,0.5644902323049633
9,cdt_saccade_degree_sd,Stage 2,-0.1197409598548685,0.1197409598548685
9,stroop_saccade_degree_mean,Stage 2,0.29502719179181114,0.29502719179181114
9,stroop_screen_duration_mean,Stage 2,0.34821577451973035,0.34821577451973035
9,stroop_saccade_latency_total,Stage 2,0.7639790487269883,0.7639790487269883
10,questionnaire_latency_mean,Stage 1,1.026158592407945,1.026158592407945
10,questionnaire_latency_sd,Stage 1,0.6293210149796014,0.6293210149796014
10,questionnaire_interval_mean,Stage 1,0.6095356698113114,0.6095356698113114
10,questionnaire_interval_sd,Stage 1,1.5722450908315335,1.5722450908315335
10,social_notification_latency_mean,Stage 1,0.4849972422682835,0.4849972422682835
10,social_notification_latency_sd,Stage 1,1.4015574303476173,1.4015574303476173
10,ambient_light_sd,Stage 1,0.2522481939195563,0.2522481939195563
10,fitbit_steps_active,Stage 1,0.29483992144875676,0.29483992144875676
10,active_session_duration,Stage 1,0.15459874140098667,0.15459874140098667
10,new_apps_added,Stage 1,0.053499465182912175,0.053499465182912175
10,scroll_interval_sd,Stage 1,1.2359488965581105,1.2359488965581105
10,tap_interval_sd,Stage 1,0.9009172161767423,0.9009172161767423
10,dwell_time_sd,Stage 1,0.9671349686398908,0.9671349686398908
10,idle_interval_sd,Stage 1,0.7621068814858528,0.7621068814858528
10,session_fragmentation,Stage 1,-0.04826282650325672,0.04826282650325672
10,pst_fixation_duration,Stage 2,-0.20719144547664506,0.20719144547664506
10,ast_saccade_time_max,Stage 2,0.35405476073081094,0.35405476073081094
10,mgst_saccade_degree_total,Stage 2,0.21517461861516304,0.21517461861516304
10,mgst_saccade_degree_mean,Stage 2,0.2404459468966051,0.2404459468966051
10,mgst_saccade_time_max,Stage 2,0.024114157714807447,0.024114157714807447
10,mgst_fixation_time_max,Stage 2,-0.4850870110264838,0.4850870110264838
10,mgst_fixation_mean,Stage 2,-0.6212009206537892,0.6212009206537892
10,mgst_saccade_latency_total,Stage 2,-0.5096129676263628,0.5096129676263628
10,mgst_saccade_duration,Stage 2,0.3033531269545776,0.3033531269545776
10,cdt_saccade_degree_sd,Stage 2,-0.40956959859283465,0.40956959859283465
10,stroop_saccade_degree_mean,Stage 2,0.5242644933022363,0.5242644933022363
10,stroop_screen_duration_mean,Stage 2,0.06850676294159486,0.06850676294159486
10,stroop_saccade_latency_total,Stage 2,0.6795917288932258,0.6795917288932258
11,questionnaire_latency_mean,Stage 1,0.07029137739906534,0.07029137739906534
11,questionnaire_latency_sd,Stage 1,0.4858121234408323,0.4858121234408323
11,questionnaire_interval_mean,Stage 1,0.9718731573331542,0.9718731573331542
11,questionnaire_interval_sd,Stage 1,1.0457901960849587,1.0457901960849587
11,social_notification_latency_mean,Stage 1,1.275461861291594,1.275461861291594
11,social_notification_latency_sd,Stage 1,1.1456581813503026,1.1456581813503026
11,ambient_light_sd,Stage 1,0.8323297798574637,0.8323297798574637
11,fitbit_steps_active,Stage 1,0.25403064288778066,0.25403064288778066
11,active_session_duration,Stage 1,0.3759171293376879,0.3759171293376879
11,new_apps_added,Stage 1,-0.13599337971189723,0.13599337971189723
11,scroll_interval_sd,Stage 1,0.25473656358459207,0.25473656358459207
11,tap_interval_sd,Stage 1,0.5854454420065189,0.5854454420065189
11,dwell_time_sd,Stage 1,1.2427198223709124,1.2427198223709124
11,idle_interval_sd,Stage 1,0.5103377642753829,0.5103377642753829
11,session_fragmentation,Stage 1,0.23858062537561112,0.23858062537561112
11,pst_fixation_duration,Stage 2,-0.18261686859147264,0.18261686859147264
11,ast_saccade_time_max,Stage 2,0.04910535862966395,0.04910535862966395
11,mgst_saccade_degree_total,Stage 2,0.40588707941635105,0.40588707941635105
11,mgst_saccade_degree_mean,Stage 2,0.08727748684156018,0.08727748684156018
11,mgst_saccade_time_max,Stage 2,0.30670684878008847,0.30670684878008847
11,mgst_fixation_time_max,Stage 2,-0.48195308622542704,0.48195308622542704
11,mgst_fixation_mean,Stage 2,-0.5352324783197822,0.5352324783197822
11,mgst_saccade_latency_total,Stage 2,-0.6807379986887374,0.6807379986887374
11,mgst_saccade_duration,Stage 2,0.570912974445478,0.570912974445478
11,cdt_saccade_degree_sd,Stage 2,-0.4158579639814248,0.4158579639814248
11,stroop_saccade_degree_mean,Stage 2,0.34081700201277926,0.34081700201277926
11,stroop_screen_duration_mean,Stage 2,-0.005670211441243668,0.005670211441243668
11,stroop_saccade_latency_total,Stage 2,0.3984561729607439,0.3984561729607439
12,questionnaire_latency_mean,Stage 1,0.4830009028503437,0.4830009028503437
12,questionnaire_latency_sd,Stage 1,0.3187529022055946,0.3187529022055946
12,questionnaire_interval_mean,Stage 1,0.9659109827070582,0.9659109827070582
12,questionnaire_interval_sd,Stage 1,0.8850135675866025,0.8850135675866025
12,social_notification_latency_mean,Stage 1,1.1406918001938042,1.1406918001938042
12,social_notification_latency_sd,Stage 1,0.7204429633753512,0.7204429633753512
12,ambient_light_sd,Stage 1,0.4395826547459088,0.4395826547459088
12,fitbit_steps_active,Stage 1,0.44676847932664354,0.44676847932664354
12,active_session_duration,Stage 1,0.5883215661772176,0.5883215661772176
12,new_apps_added,Stage 1,-0.13395116342585717,0.13395116342585717
12,scroll_interval_sd,Stage 1,0.549879256038551,0.549879256038551
12,tap_interval_sd,Stage 1,1.0623903338507459,1.0623903338507459
12,dwell_time_sd,Stage 1,0.596822965682388,0.596822965682388
12,idle_interval_sd,Stage 1,0.7327110536753849,0.7327110536753849
12,session_fragmentation,Stage 1,-0.026888087748051806,0.026888087748051806
12,pst_fixation_duration,Stage 2,-0.32996735151904455,0.32996735151904455
12,ast_saccade_time_max,Stage 2,0.16510008501883602,0.16510008501883602
12,mgst_saccade_degree_total,Stage 2,0.03639509877028949,0.03639509877028949
12,mgst_saccade_degree_mean,Stage 2,0.2264600184651811,0.2264600184651811
12,mgst_saccade_time_max,Stage 2,-0.12070931764349539,0.12070931764349539
12,mgst_fixation_time_max,Stage 2,-0.41069853668438355,0.41069853668438355
12,mgst_fixation_mean,Stage 2,-0.5546000257349326,0.5546000257349326
12,mgst_saccade_latency_total,Stage 2,-0.3325218568406422,0.3325218568406422
12,mgst_saccade_duration,Stage 2,0.46355296939180185,0.46355296939180185
12,cdt_saccade_degree_sd,Stage 2,-0.08179594011037282,0.08179594011037282
12,stroop_saccade_degree_mean,Stage 2,0.25530421859691366,0.25530421859691366
12,stroop_screen_duration_mean,Stage 2,0.4610689751672776,0.4610689751672776
12,stroop_saccade_latency_total,Stage 2,0.9231095867094048,0.9231095867094048
13,questionnaire_latency_mean,Stage 1,0.6286018282942042,0.6286018282942042
13,questionnaire_latency_sd,Stage 1,0.39978325663983755,0.39978325663983755
13,questionnaire_interval_mean,Stage 1,0.8157680625348669,0.8157680625348669
13,questionnaire_interval_sd,Stage 1,1.3543356240697222,1.3543356240697222
13,social_notification_latency_mean,Stage 1,0.5951502298417025,0.5951502298417025
13,social_notification_latency_sd,Stage 1,0.7631219972753919,0.7631219972753919
13,ambient_light_sd,Stage 1,0.8342526299204787,0.8342526299204787
13,fitbit_steps_active,Stage 1,0.14999003831227573,0.14999003831227573
13,active_session_duration,Stage 1,0.43314884093421574,0.43314884093421574
13,new_apps_added,Stage 1,-0.22045906327906015,0.22045906327906015
13,scroll_interval_sd,Stage 1,0.3828771873976492,0.3828771873976492
13,tap_interval_sd,Stage 1,0.9755102076430436,0.9755102076430436
13,dwell_time_sd,Stage 1,0.7769764919404489,0.7769764919404489
13,idle_interval_sd,Stage 1,0.7005004898475578,0.7005004898475578
13,session_fragmentation,Stage 1,-0.23525866366607082,0.23525866366607082
13,pst_fixation_duration,Stage 2,-0.6057447969074937,0.6057447969074937
13,ast_saccade_time_max,Stage 2,0.12654946289590235,0.12654946289590235
13,mgst_saccade_degree_total,Stage 2,0.10837548632086864,0.10837548632086864
13,mgst_saccade_degree_mean,Stage 2,0.2590026378933248,0.2590026378933248
13,mgst_saccade_time_max,Stage 2,-0.11790084967764114,0.11790084967764114
13,mgst_fixation_time_max,Stage 2,-0.5339239272477008,0.5339239272477008
13,mgst_fixation_mean,Stage 2,-0.686419278729823,0.686419278729823
13,mgst_saccade_latency_total,Stage 2,-0.5904449402851619,0.5904449402851619
13,mgst_saccade_duration,Stage 2,0.3762190457992839,0.3762190457992839
13,cdt_saccade_degree_sd,Stage 2,-0.3509357303780616,0.3509357303780616
13,stroop_saccade_degree_mean,Stage 2,0.3976253803188762,0.3976253803188762
13,stroop_screen_duration_mean,Stage 2,0.23266591221135416,0.23266591221135416
13,stroop_saccade_latency_total,Stage 2,1.0020495837172638,1.0020495837172638
14,questionnaire_latency_mean,Stage 1,1.0051001097981227,1.0051001097981227
14,questionnaire_latency_sd,Stage 1,0.7366860617778923,0.7366860617778923
14,questionnaire_interval_mean,Stage 1,0.8193897782145256,0.8193897782145256
14,questionnaire_interval_sd,Stage 1,0.8266005193150425,0.8266005193150425
14,social_notification_latency_mean,Stage 1,1.0329650822622929,1.0329650822622929
14,social_notification_latency_sd,Stage 1,1.1796365896406442,1.1796365896406442
14,ambient_light_sd,Stage 1,0.8224616597942059,0.8224616597942059
14,fitbit_steps_active,Stage 1,0.41001418639351506,0.41001418639351506
14,active_session_duration,Stage 1,0.23082554336981834,0.23082554336981834
14,new_apps_added,Stage 1,-0.023479990983845705,0.023479990983845705
14,scroll_interval_sd,Stage 1,0.7194521844949971,0.7194521844949971
14,tap_interval_sd,Stage 1,0.6724507284072723,0.6724507284072723
14,dwell_time_sd,Stage 1,0.7745900321864644,0.7745900321864644
14,idle_interval_sd,Stage 1,0.9149016948109964,0.9149016948109964
14,session_fragmentation,Stage 1,-0.044408428109122156,0.044408428109122156
14,pst_fixation_duration,Stage 2,-0.26222463059046675,0.26222463059046675
14,ast_saccade_time_max,Stage 2,0.024827395905978447,0.024827395905978447
14,mgst_saccade_degree_total,Stage 2,0.4876425070932615,0.4876425070932615
14,mgst_saccade_degree_mean,Stage 2,0.14577166750618062,0.14577166750618062
14,mgst_saccade_time_max,Stage 2,-0.156886108935124,0.156886108935124
14,mgst_fixation_time_max,Stage 2,-0.1738899948013832,0.1738899948013832
14,mgst_fixation_mean,Stage 2,-0.7593019844459518,0.7593019844459518
14,mgst_saccade_latency_total,Stage 2,-0.47899020969318346,0.47899020969318346
14,mgst_saccade_duration,Stage 2,0.5299418755841521,0.5299418755841521
14,cdt_saccade_degree_sd,Stage 2,0.03996847652050484,0.03996847652050484
14,stroop_saccade_degree_mean,Stage 2,0.28444466707453564,0.28444466707453564
14,stroop_screen_duration_mean,Stage 2,0.43225045800880973,0.43225045800880973
14,stroop_saccade_latency_total,Stage 2,0.6658634654411167,0.6658634654411167
15,questionnaire_latency_mean,Stage 1,0.5036900867047926,0.5036900867047926
15,questionnaire_latency_sd,Stage 1,0.5631255005366707,0.5631255005366707
15,questionnaire_interval_mean,Stage 1,0.8267945971723007,0.8267945971723007
15,questionnaire_interval_sd,Stage 1,1.0021210513754528,1.0021210513754528
15,social_notification_latency_mean,Stage 1,0.8786947099445418,0.8786947099445418
15,social_notification_latency_sd,Stage 1,0.9513944054784278,0.9513944054784278
15,ambient_light_sd,Stage 1,0.17758434703105827,0.17758434703105827
15,fitbit_steps_active,Stage 1,0.2884097845071849,0.2884097845071849
15,active_session_duration,Stage 1,0.22464633801312267,0.22464633801312267
15,new_apps_added,Stage 1,-0.31822294364658354,0.31822294364658354
15,scroll_interval_sd,Stage 1,0.598485309024816,0.598485309024816
15,tap_interval_sd,Stage 1,0.971848463421574,0.971848463421574
15,dwell_time_sd,Stage 1,0.7345735120372052,0.7345735120372052
15,idle_interval_sd,Stage 1,0.7641723755075629,0.7641723755075629
15,session_fragmentation,Stage 1,-0.25325079604496614,0.25325079604496614
15,pst_fixation_duration,Stage 2,-0.41889621162993224,0.41889621162993224
15,ast_saccade_time_max,Stage 2,0.2621438819508785,0.2621438819508785
15,mgst_saccade_degree_total,Stage 2,0.3571982217026381,0.3571982217026381
15,mgst_saccade_degree_mean,Stage 2,0.17666733217347066,0.17666733217347066
15,mgst_saccade_time_max,Stage 2,0.24735560800335074,0.24735560800335074
15,mgst_fixation_time_max,Stage 2,-0.3083949537270855,0.3083949537270855
15,mgst_fixation_mean,Stage 2,-0.5733259690122926,0.5733259690122926
15,mgst_saccade_latency_total,Stage 2,-0.47049239541919646,0.47049239541919646
15,mgst_saccade_duration,Stage 2,0.30615098591260026,0.30615098591260026
15,cdt_saccade_degree_sd,Stage 2,-0.19644289538188314,0.19644289538188314
15,stroop_saccade_degree_mean,Stage 2,0.2210767560072059,0.2210767560072059
15,stroop_screen_duration_mean,Stage 2,0.1432354467955752,0.1432354467955752
15,stroop_saccade_latency_total,Stage 2,1.0601824979586942,1.0601824979586942
16,questionnaire_latency_mean,Stage 1,0.5374597376256548,0.5374597376256548
16,questionnaire_latency_sd,Stage 1,0.2810629429099695,0.2810629429099695
16,questionnaire_interval_mean,Stage 1,0.6335499344061091,0.6335499344061091
16,questionnaire_interval_sd,Stage 1,1.2402789874636766,1.2402789874636766
16,social_notification_latency_mean,Stage 1,1.3011407855201276,1.3011407855201276
16,social_notification_latency_sd,Stage 1,0.7143428313136666,0.7143428313136666
16,ambient_light_sd,Stage 1,0.2740137386618691,0.2740137386618691
16,fitbit_steps_active,Stage 1,0.422686129350904,0.422686129350904
16,active_session_duration,Stage 1,0.3894223996286148,0.3894223996286148
16,new_apps_added,Stage 1,-0.09771158755323271,0.09771158755323271
16,scroll_interval_sd,Stage 1,0.5299874793960945,0.5299874793960945
16,tap_interval_sd,Stage 1,0.7881023309926272,0.7881023309926272
16,dwell_time_sd,Stage 1,0.7674503713145335,0.7674503713145335
16,idle_interval_sd,Stage 1,0.7879546689419411,0.7879546689419411
16,session_fragmentation,Stage 1,-0.20512323174345415,0.20512323174345415
16,pst_fixation_duration,Stage 2,-0.46144782808211315,0.46144782808211315
16,ast_saccade_time_max,Stage 2,0.15735308056843922,0.15735308056843922
16,mgst_saccade_degree_total,Stage 2,0.2235799698379104,0.2235799698379104
16,mgst_saccade_degree_mean,Stage 2,0.1337478849403245,0.1337478849403245
16,mgst_saccade_time_max,Stage 2,0.11387881636555904,0.11387881636555904
16,mgst_fixation_time_max,Stage 2,-0.3796749007274417,0.3796749007274417
16,mgst_fixation_mean,Stage 2,-0.675644310890203,0.675644310890203
16,mgst_saccade_latency_total,Stage 2,-0.3595613956796113,0.3595613956796113
16,mgst_saccade_duration,Stage 2,0.3518864762866744,0.3518864762866744
16,cdt_saccade_degree_sd,Stage 2,-0.30291448307855523,0.30291448307855523
16,stroop_saccade_degree_mean,Stage 2,0.1991953552424792,0.1991953552424792
16,stroop_screen_duration_mean,Stage 2,0.16817212749206475,0.16817212749206475
16,stroop_saccade_latency_total,Stage 2,0.7734128521599027,0.7734128521599027
17,questionnaire_latency_mean,Stage 1,0.36213058851300883,0.36213058851300883
17,questionnaire_latency_sd,Stage 1,0.5461834235740188,0.5461834235740188
17,questionnaire_interval_mean,Stage 1,0.7152663608344688,0.7152663608344688
17,questionnaire_interval_sd,Stage 1,1.059345612184389,1.059345612184389
17,social_notification_latency_mean,Stage 1,1.1113171992817454,1.1113171992817454
17,social_notification_latency_sd,Stage 1,1.0113291895434164,1.0113291895434164
17,ambient_light_sd,Stage 1,0.6294268936031191,0.6294268936031191
17,fitbit_steps_active,Stage 1,0.5491779312285735,0.5491779312285735
17,active_session_duration,Stage 1,0.20154504636785794,0.20154504636785794
17,new_apps_added,Stage 1,-0.11037771308691795,0.11037771308691795
17,scroll_interval_sd,Stage 1,0.6708329810134076,0.6708329810134076
17,tap_interval_sd,Stage 1,0.7071116679140752,0.7071116679140752
17,dwell_time_sd,Stage 1,0.9389206088049035,0.9389206088049035
17,idle_interval_sd,Stage 1,0.5414458786517892,0.5414458786517892
17,session_fragmentation,Stage 1,-0.05231469125697851,0.05231469125697851
17,pst_fixation_duration,Stage 2,-0.37338751611574356,0.37338751611574356
17,ast_saccade_time_max,Stage 2,0.10057828621635696,0.10057828621635696
17,mgst_saccade_degree_total,Stage 2,0.22466608793180218,0.22466608793180218
17,mgst_saccade_degree_mean,Stage 2,0.12004496403485367,0.12004496403485367
17,mgst_saccade_time_max,Stage 2,0.1865457162164727,0.1865457162164727
17,mgst_fixation_time_max,Stage 2,-0.2946943393004407,0.2946943393004407
17,mgst_fixation_mean,Stage 2,-0.4715025550855845,0.4715025550855845
17,mgst_saccade_latency_total,Stage 2,-0.44352280492825574,0.44352280492825574
17,mgst_saccade_duration,Stage 2,0.38693757770724097,0.38693757770724097
17,cdt_saccade_degree_sd,Stage 2,-0.1349893793827521,0.1349893793827521
17,stroop_saccade_degree_mean,Stage 2,0.22867256789743343,0.22867256789743343
17,stroop_screen_duration_mean,Stage 2,0.2559777361469519,0.2559777361469519
17,stroop_saccade_latency_total,Stage 2,0.7887617954739633,0.7887617954739633
18,questionnaire_latency_mean,Stage 1,0.6689168052809124,0.6689168052809124
18,questionnaire_latency_sd,Stage 1,0.2344264882666576,0.2344264882666576
18,questionnaire_interval_mean,Stage 1,0.7372760373648998,0.7372760373648998
18,questionnaire_interval_sd,Stage 1,1.1453787278529635,1.1453787278529635
18,social_notification_latency_mean,Stage 1,0.8375905336002355,0.8375905336002355
18,social_notification_latency_sd,Stage 1,0.8954157832853569,0.8954157832853569
18,ambient_light_sd,Stage 1,0.41071207736080173,0.41071207736080173
18,fitbit_steps_active,Stage 1,0.5278320353131615,0.5278320353131615
18,active_session_duration,Stage 1,0.3108966555862979,0.3108966555862979
18,new_apps_added,Stage 1,0.08350282607831994,0.08350282607831994
18,scroll_interval_sd,Stage 1,0.6614986012480344,0.6614986012480344
18,tap_interval_sd,Stage 1,0.8064004007677286,0.8064004007677286
18,dwell_time_sd,Stage 1,1.3538025261572353,1.3538025261572353
18,idle_interval_sd,Stage 1,0.35855639498738356,0.35855639498738356
18,session_fragmentation,Stage 1,0.029658179308865586,0.029658179308865586
18,pst_fixation_duration,Stage 2,-0.3325680405282239,0.3325680405282239
18,ast_saccade_time_max,Stage 2,0.14438776576039844,0.14438776576039844
18,mgst_saccade_degree_total,Stage 2,0.4864114461446855,0.4864114461446855
18,mgst_saccade_degree_mean,Stage 2,0.2567739974561385,0.2567739974561385
18,mgst_saccade_time_max,Stage 2,0.2606695019318775,0.2606695019318775
18,mgst_fixation_time_max,Stage 2,-0.44338858855920704,0.44338858855920704
18,mgst_fixation_mean,Stage 2,-0.5524771454698594,0.5524771454698594
18,mgst_saccade_latency_total,Stage 2,-0.5495965023736803,0.5495965023736803
18,mgst_saccade_duration,Stage 2,1.193794321690395,1.193794321690395
18,cdt_saccade_degree_sd,Stage 2,-0.4604321104872033,0.4604321104872033
18,stroop_saccade_degree_mean,Stage 2,0.3664688961451719,0.3664688961451719
18,stroop_screen_duration_mean,Stage 2,-0.26360954567325756,0.26360954567325756
18,stroop_saccade_latency_total,Stage 2,0.6477455712346104,0.6477455712346104
19,questionnaire_latency_mean,Stage 1,0.6853478101861754,0.6853478101861754
19,questionnaire_latency_sd,Stage 1,0.4368054415135703,0.4368054415135703
19,questionnaire_interval_mean,Stage 1,0.4439264675094974,0.4439264675094974
19,questionnaire_interval_sd,Stage 1,1.7590905692873966,1.7590905692873966
19,social_notification_latency_mean,Stage 1,0.7160970719512268,0.7160970719512268
19,social_notification_latency_sd,Stage 1,0.8246966190107885,0.8246966190107885
19,ambient_light_sd,Stage 1,0.5836088285194967,0.5836088285194967
19,fitbit_steps_active,Stage 1,0.7786647117613782,0.7786647117613782
19,active_session_duration,Stage 1,0.3844989132635927,0.3844989132635927
19,new_apps_added,Stage 1,-0.09430141924977355,0.09430141924977355
19,scroll_interval_sd,Stage 1,0.7907673914660323,0.7907673914660323
19,tap_interval_sd,Stage 1,0.5477045621126073,0.5477045621126073
19,dwell_time_sd,Stage 1,0.9249693713008547,0.9249693713008547
19,idle_interval_sd,Stage 1,0.6197166787476155,0.6197166787476155
19,session_fragmentation,Stage 1,-0.018980740881241135,0.018980740881241135
19,pst_fixation_duration,Stage 2,-0.42460717785495067,0.42460717785495067
19,ast_saccade_time_max,Stage 2,0.06906927465379264,0.06906927465379264
19,mgst_saccade_degree_total,Stage 2,0.2553972908222116,0.2553972908222116
19,mgst_saccade_degree_mean,Stage 2,0.5948438850698565,0.5948438850698565
19,mgst_saccade_time_max,Stage 2,0.20962765933365252,0.20962765933365252
19,mgst_fixation_time_max,Stage 2,-0.1562758183386334,0.1562758183386334
19,mgst_fixation_mean,Stage 2,-0.5986894687037628,0.5986894687037628
19,mgst_saccade_latency_total,Stage 2,-0.5311115174973278,0.5311115174973278
19,mgst_saccade_duration,Stage 2,0.5545319519703202,0.5545319519703202
19,cdt_saccade_degree_sd,Stage 2,-0.3830895633690995,0.3830895633690995
19,stroop_saccade_degree_mean,Stage 2,0.34357630447656434,0.34357630447656434
19,stroop_screen_duration_mean,Stage 2,0.29654511921136795,0.29654511921136795
19,stroop_saccade_latency_total,Stage 2,0.9441152532030214,0.9441152532030214
20,questionnaire_latency_mean,Stage 1,0.7628867876865025,0.7628867876865025
20,questionnaire_latency_sd,Stage 1,0.6475787903759467,0.6475787903759467
20,questionnaire_interval_mean,Stage 1,0.8143911413657307,0.8143911413657307
20,questionnaire_interval_sd,Stage 1,1.152469616593276,1.152469616593276
20,social_notification_latency_mean,Stage 1,0.687022775130369,0.687022775130369
20,social_notification_latency_sd,Stage 1,0.68112300976611,0.68112300976611
20,ambient_light_sd,Stage 1,0.9724250947590265,0.9724250947590265
20,fitbit_steps_active,Stage 1,0.4630182680340552,0.4630182680340552
20,active_session_duration,Stage 1,0.6332513705465657,0.6332513705465657
20,new_apps_added,Stage 1,-0.13720126071957134,0.13720126071957134
20,scroll_interval_sd,Stage 1,0.6386970690720162,0.6386970690720162
20,tap_interval_sd,Stage 1,0.863635938516637,0.863635938516637
20,dwell_time_sd,Stage 1,1.2893817583264489,1.2893817583264489
20,idle_interval_sd,Stage 1,0.8092926495431209,0.8092926495431209
20,session_fragmentation,Stage 1,0.05161580683763421,0.05161580683763421
20,pst_fixation_duration,Stage 2,-0.48356459661979484,0.48356459661979484
20,ast_saccade_time_max,Stage 2,-0.17277583128871604,0.17277583128871604
20,mgst_saccade_degree_total,Stage 2,0.3705395383628191,0.3705395383628191
20,mgst_saccade_degree_mean,Stage 2,0.2938314595215383,0.2938314595215383
20,mgst_saccade_time_max,Stage 2,0.04368552471349477,0.04368552471349477
20,mgst_fixation_time_max,Stage 2,-0.19612833132585522,0.19612833132585522
20,mgst_fixation_mean,Stage 2,-0.3745869233787916,0.3745869233787916
20,mgst_saccade_latency_total,Stage 2,-0.5237388777768123,0.5237388777768123
20,mgst_saccade_duration,Stage 2,0.8959225906033664,0.8959225906033664
20,cdt_saccade_degree_sd,Stage 2,-0.46792554230938077,0.46792554230938077
20,stroop_saccade_degree_mean,Stage 2,0.15634262497592752,0.15634262497592752
20,stroop_screen_duration_mean,Stage 2,-0.16670702032529966,0.16670702032529966
20,stroop_saccade_latency_total,Stage 2,0.7783394672467552,0.7783394672467552
21,questionnaire_latency_mean,Stage 1,0.14714527831547652,0.14714527831547652
21,questionnaire_latency_sd,Stage 1,0.3658437659609954,0.3658437659609954
21,questionnaire_interval_mean,Stage 1,1.0967779945219385,1.0967779945219385
21,questionnaire_interval_sd,Stage 1,1.0403170784437772,1.0403170784437772
21,social_notification_latency_mean,Stage 1,1.3167761393199429,1.3167761393199429
21,social_notification_latency_sd,Stage 1,0.8383149242091743,0.8383149242091743
21,ambient_light_sd,Stage 1,0.7105442016815767,0.7105442016815767
21,fitbit_steps_active,Stage 1,0.5972651367216402,0.5972651367216402
21,active_session_duration,Stage 1,0.3821882815931017,0.3821882815931017
21,new_apps_added,Stage 1,-0.1391337166783646,0.1391337166783646
21,scroll_interval_sd,Stage 1,0.5073232985525614,0.5073232985525614
21,tap_interval_sd,Stage 1,1.0489295968297732,1.0489295968297732
21,dwell_time_sd,Stage 1,1.4144065925143738,1.4144065925143738
21,idle_interval_sd,Stage 1,0.5463404899457168,0.5463404899457168
21,session_fragmentation,Stage 1,-0.054524367402122714,0.054524367402122714
21,pst_fixation_duration,Stage 2,-0.28266649393101817,0.28266649393101817
21,ast_saccade_time_max,Stage 2,0.4019666166257245,0.4019666166257245
21,mgst_saccade_degree_total,Stage 2,0.042105661270871016,0.042105661270871016
21,mgst_saccade_degree_mean,Stage 2,-0.4192207928449396,0.4192207928449396
21,mgst_saccade_time_max,Stage 2,0.12299981276394288,0.12299981276394288
21,mgst_fixation_time_max,Stage 2,-0.3865493481334752,0.3865493481334752
21,mgst_fixation_mean,Stage 2,-0.364535256023112,0.364535256023112
21,mgst_saccade_latency_total,Stage 2,-0.45834037283765194,0.45834037283765194
21,mgst_saccade_duration,Stage 2,0.7669811858334807,0.7669811858334807
21,cdt_saccade_degree_sd,Stage 2,-0.5516258533283975,0.5516258533283975
21,stroop_saccade_degree_mean,Stage 2,0.5308230757267082,0.5308230757267082
21,stroop_screen_duration_mean,Stage 2,0.07483556304925255,0.07483556304925255
21,stroop_saccade_latency_total,Stage 2,0.6114224273655159,0.6114224273655159
22,questionnaire_latency_mean,Stage 1,0.559797761106491,0.559797761106491
22,questionnaire_latency_sd,Stage 1,0.6378109610855639,0.6378109610855639
22,questionnaire_interval_mean,Stage 1,0.9085774529614886,0.9085774529614886
22,questionnaire_interval_sd,Stage 1,1.2739289905586069,1.2739289905586069
22,social_notification_latency_mean,Stage 1,0.9758213127254528,0.9758213127254528
22,social_notification_latency_sd,Stage 1,0.8386482997358271,0.8386482997358271
22,ambient_light_sd,Stage 1,0.6271704537702945,0.6271704537702945
22,fitbit_steps_active,Stage 1,0.2958922931385379,0.2958922931385379
22,active_session_duration,Stage 1,0.27900486880935865,0.27900486880935865
22,new_apps_added,Stage 1,-0.25216826916933544,0.25216826916933544
22,scroll_interval_sd,Stage 1,0.44674463357500044,0.44674463357500044
22,tap_interval_sd,Stage 1,0.7203387269088145,0.7203387269088145
22,dwell_time_sd,Stage 1,0.9272213493760838,0.9272213493760838
22,idle_interval_sd,Stage 1,0.7268207630605904,0.7268207630605904
22,session_fragmentation,Stage 1,-0.27852814332894543,0.27852814332894543
22,pst_fixation_duration,Stage 2,-0.3057641015096619,0.3057641015096619
22,ast_saccade_time_max,Stage 2,-0.09935337157150838,0.09935337157150838
22,mgst_saccade_degree_total,Stage 2,0.4663487710436289,0.4663487710436289
22,mgst_saccade_degree_mean,Stage 2,0.030287406055907556,0.030287406055907556
22,mgst_saccade_time_max,Stage 2,-0.17693213096837107,0.17693213096837107
22,mgst_fixation_time_max,Stage 2,-0.39954967637753985,0.39954967637753985
22,mgst_fixation_mean,Stage 2,-0.42305345932318883,0.42305345932318883
22,mgst_saccade_latency_total,Stage 2,-0.25394969751730617,0.25394969751730617
22,mgst_saccade_duration,Stage 2,0.41452112270156,0.41452112270156
22,cdt_saccade_degree_sd,Stage 2,-0.2911215978696137,0.2911215978696137
22,stroop_saccade_degree_mean,Stage 2,0.18367241926878283,0.18367241926878283
22,stroop_screen_duration_mean,Stage 2,0.12269744447698694,0.12269744447698694
22,stroop_saccade_latency_total,Stage 2,0.7829124044649334,0.7829124044649334
23,questionnaire_latency_mean,Stage 1,0.5175493501242642,0.5175493501242642
23,questionnaire_latency_sd,Stage 1,0.1984932477502941,0.1984932477502941
23,questionnaire_interval_mean,Stage 1,1.0074365089400628,1.0074365089400628
23,questionnaire_interval_sd,Stage 1,1.1571652489702513,1.1571652489702513
23,social_notification_latency_mean,Stage 1,0.790952327843591,0.790952327843591
23,social_notification_latency_sd,Stage 1,0.8076079609494451,0.8076079609494451
23,ambient_light_sd,Stage 1,0.45877208063994274,0.45877208063994274
23,fitbit_steps_active,Stage 1,0.3454151820578129,0.3454151820578129
23,active_session_duration,Stage 1,0.6333929889069874,0.6333929889069874
23,new_apps_added,Stage 1,-0.16650709891259277,0.16650709891259277
23,scroll_interval_sd,Stage 1,0.6213697905847735,0.6213697905847735
23,tap_interval_sd,Stage 1,0.9306340897161817,0.9306340897161817
23,dwell_time_sd,Stage 1,0.5474197759702673,0.5474197759702673
23,idle_interval_sd,Stage 1,0.7733963104284327,0.7733963104284327
23,session_fragmentation,Stage 1,0.10806947104794028,0.10806947104794028
23,pst_fixation_duration,Stage 2,-0.6590738711287518,0.6590738711287518
23,ast_saccade_time_max,Stage 2,0.5123813546628773,0.5123813546628773
23,mgst_saccade_degree_total,Stage 2,-0.28896549481440226,0.28896549481440226
23,mgst_saccade_degree_mean,Stage 2,0.6857376791127864,0.6857376791127864
23,mgst_saccade_time_max,Stage 2,-0.15640649533989198,0.15640649533989198
23,mgst_fixation_time_max,Stage 2,-0.6755411945053578,0.6755411945053578
23,mgst_fixation_mean,Stage 2,-0.6959401145476106,0.6959401145476106
23,mgst_saccade_latency_total,Stage 2,-0.45086957637767866,0.45086957637767866
23,mgst_saccade_duration,Stage 2,0.7009888058599797,0.7009888058599797
23,cdt_saccade_degree_sd,Stage 2,-0.21246315575234234,0.21246315575234234
23,stroop_saccade_degree_mean,Stage 2,0.3666258005211779,0.3666258005211779
23,stroop_screen_duration_mean,Stage 2,0.4255279710517647,0.4255279710517647
23,stroop_saccade_latency_total,Stage 2,1.0845237654067263,1.0845237654067263
24,questionnaire_latency_mean,Stage 1,0.43495708672706784,0.43495708672706784
24,questionnaire_latency_sd,Stage 1,0.434694458965689,0.434694458965689
24,questionnaire_interval_mean,Stage 1,0.6376958016912644,0.6376958016912644
24,questionnaire_interval_sd,Stage 1,0.8557463116220967,0.8557463116220967
24,social_notification_latency_mean,Stage 1,1.0638192841342329,1.0638192841342329
24,social_notification_latency_sd,Stage 1,1.0139783233169597,1.0139783233169597
24,ambient_light_sd,Stage 1,0.6425461905593189,0.6425461905593189
24,fitbit_steps_active,Stage 1,0.5771121006058496,0.5771121006058496
24,active_session_duration,Stage 1,0.022474070946086572,0.022474070946086572
24,new_apps_added,Stage 1,-0.4057381747179695,0.4057381747179695
24,scroll_interval_sd,Stage 1,0.7864214251293716,0.7864214251293716
24,tap_interval_sd,Stage 1,0.8567437901132121,0.8567437901132121
24,dwell_time_sd,Stage 1,1.0566360291344943,1.0566360291344943
24,idle_interval_sd,Stage 1,0.8580884868658667,0.8580884868658667
24,session_fragmentation,Stage 1,-0.06582774109278741,0.06582774109278741
24,pst_fixation_duration,Stage 2,-0.09265037723061885,0.09265037723061885
24,ast_saccade_time_max,Stage 2,0.2964096415929512,0.2964096415929512
24,mgst_saccade_degree_total,Stage 2,0.23106125339862982,0.23106125339862982
24,mgst_saccade_degree_mean,Stage 2,-0.29157963364950856,0.29157963364950856
24,mgst_saccade_time_max,Stage 2,0.47998466662049966,0.47998466662049966
24,mgst_fixation_time_max,Stage 2,-0.20236534529929376,0.20236534529929376
24,mgst_fixation_mean,Stage 2,-0.6255149196300438,0.6255149196300438
24,mgst_saccade_latency_total,Stage 2,-0.3695794760673464,0.3695794760673464
24,mgst_saccade_duration,Stage 2,0.28455016854994747,0.28455016854994747
24,cdt_saccade_degree_sd,Stage 2,-0.29284442411702905,0.29284442411702905
24,stroop_saccade_degree_mean,Stage 2,0.563691091838814,0.563691091838814
24,stroop_screen_duration_mean,Stage 2,0.017101371867678204,0.017101371867678204
24,stroop_saccade_latency_total,Stage 2,0.9038601624339144,0.9038601624339144
25,questionnaire_latency_mean,Stage 1,0.3735051901390969,0.3735051901390969
25,questionnaire_latency_sd,Stage 1,0.8600431062597779,0.8600431062597779
25,questionnaire_interval_mean,Stage 1,0.7686827035569553,0.7686827035569553
25,questionnaire_interval_sd,Stage 1,1.145215657920058,1.145215657920058
25,social_notification_latency_mean,Stage 1,1.2930334010304907,1.2930334010304907
25,social_notification_latency_sd,Stage 1,0.8162487728176597,0.8162487728176597
25,ambient_light_sd,Stage 1,0.8649535266393075,0.8649535266393075
25,fitbit_steps_active,Stage 1,0.6393835525631821,0.6393835525631821
25,active_session_duration,Stage 1,0.16999688758673356,0.16999688758673356
25,new_apps_added,Stage 1,-0.20306002317998478,0.20306002317998478
25,scroll_interval_sd,Stage 1,0.5457980585083785,0.5457980585083785
25,tap_interval_sd,Stage 1,0.49253193527977684,0.49253193527977684
25,dwell_time_sd,Stage 1,1.022258938758849,1.022258938758849
25,idle_interval_sd,Stage 1,0.2209040606740397,0.2209040606740397
25,session_fragmentation,Stage 1,0.052856645785618224,0.052856645785618224
25,pst_fixation_duration,Stage 2,-0.18654965098804893,0.18654965098804893
25,ast_saccade_time_max,Stage 2,0.03289078007804455,0.03289078007804455
25,mgst_saccade_degree_total,Stage 2,0.380081067617504,0.380081067617504
25,mgst_saccade_degree_mean,Stage 2,-0.004233426003746123,0.004233426003746123
25,mgst_saccade_time_max,Stage 2,0.2039584892627697,0.2039584892627697
25,mgst_fixation_time_max,Stage 2,-0.4754580584617492,0.4754580584617492
25,mgst_fixation_mean,Stage 2,-0.7919322246314414,0.7919322246314414
25,mgst_saccade_latency_total,Stage 2,-0.4560349299093778,0.4560349299093778
25,mgst_saccade_duration,Stage 2,-0.1896106184249224,0.1896106184249224
25,cdt_saccade_degree_sd,Stage 2,-0.02030254880110665,0.02030254880110665
25,stroop_saccade_degree_mean,Stage 2,0.3650285135110805,0.3650285135110805
25,stroop_screen_duration_mean,Stage 2,-0.07521995096676859,0.07521995096676859
25,stroop_saccade_latency_total,Stage 2,0.6822982831168706,0.6822982831168706
26,questionnaire_latency_mean,Stage 1,0.9266607648690532,0.9266607648690532
26,questionnaire_latency_sd,Stage 1,0.9513879978674181,0.9513879978674181
26,questionnaire_interval_mean,Stage 1,0.9240642451156009,0.9240642451156009
26,questionnaire_interval_sd,Stage 1,1.1582178514683155,1.1582178514683155
26,social_notification_latency_mean,Stage 1,0.9471081854005993,0.9471081854005993
26,social_notification_latency_sd,Stage 1,0.914689120568318,0.914689120568318
26,ambient_light_sd,Stage 1,0.7165459646677218,0.7165459646677218
26,fitbit_steps_active,Stage 1,0.3278437821668376,0.3278437821668376
26,active_session_duration,Stage 1,0.24213585223203346,0.24213585223203346
26,new_apps_added,Stage 1,-0.10286375183701302,0.10286375183701302
26,scroll_interval_sd,Stage 1,0.9351491360406219,0.9351491360406219
26,tap_interval_sd,Stage 1,0.7967844323091444,0.7967844323091444
26,dwell_time_sd,Stage 1,1.1735206496573622,1.1735206496573622
26,idle_interval_sd,Stage 1,0.7867804824210413,0.7867804824210413
26,session_fragmentation,Stage 1,-0.2620130053654966,0.2620130053654966
26,pst_fixation_duration,Stage 2,-0.08682303135531437,0.08682303135531437
26,ast_saccade_time_max,Stage 2,-0.01322030443871734,0.01322030443871734
26,mgst_saccade_degree_total,Stage 2,0.2979376625023954,0.2979376625023954
26,mgst_saccade_degree_mean,Stage 2,0.02904686179732674,0.02904686179732674
26,mgst_saccade_time_max,Stage 2,0.0985435506859707,0.0985435506859707
26,mgst_fixation_time_max,Stage 2,-0.5031716805085659,0.5031716805085659
26,mgst_fixation_mean,Stage 2,-0.6675759693600279,0.6675759693600279
26,mgst_saccade_latency_total,Stage 2,-0.11595244736785765,0.11595244736785765
26,mgst_saccade_duration,Stage 2,0.4814827723302059,0.4814827723302059
26,cdt_saccade_degree_sd,Stage 2,-0.2546037496042172,0.2546037496042172
26,stroop_saccade_degree_mean,Stage 2,0.35689015106466965,0.35689015106466965
26,stroop_screen_duration_mean,Stage 2,0.1374273289974245,0.1374273289974245
26,stroop_saccade_latency_total,Stage 2,0.42624635521101245,0.42624635521101245
27,questionnaire_latency_mean,Stage 1,0.04232991538013179,0.04232991538013179
27,questionnaire_latency_sd,Stage 1,0.5157789495294371,0.5157789495294371
27,questionnaire_interval_mean,Stage 1,1.0252709605961017,1.0252709605961017
27,questionnaire_interval_sd,Stage 1,0.9146791218192596,0.9146791218192596
27,social_notification_latency_mean,Stage 1,1.408029389946037,1.408029389946037
27,social_notification_latency_sd,Stage 1,1.0662013503070342,1.0662013503070342
27,ambient_light_sd,Stage 1,0.961320501809354,0.961320501809354
27,fitbit_steps_active,Stage 1,0.1988058076581547,0.1988058076581547
27,active_session_duration,Stage 1,0.34212573819144276,0.34212573819144276
27,new_apps_added,Stage 1,-0.10648413106805037,0.10648413106805037
27,scroll_interval_sd,Stage 1,0.7134909406136883,0.7134909406136883
27,tap_interval_sd,Stage 1,0.4918732563067892,0.4918732563067892
27,dwell_time_sd,Stage 1,1.1800454853259654,1.1800454853259654
27,idle_interval_sd,Stage 1,0.34987221672628904,0.34987221672628904
27,session_fragmentation,Stage 1,0.09990819573325017,0.09990819573325017
27,pst_fixation_duration,Stage 2,-0.3896106245595037,0.3896106245595037
27,ast_saccade_time_max,Stage 2,0.08556442780481344,0.08556442780481344
27,mgst_saccade_degree_total,Stage 2,0.5938471161371002,0.5938471161371002
27,mgst_saccade_degree_mean,Stage 2,-0.01583289370631118,0.01583289370631118
27,mgst_saccade_time_max,Stage 2,0.23232251861852238,0.23232251861852238
27,mgst_fixation_time_max,Stage 2,-0.18475906490493146,0.18475906490493146
27,mgst_fixation_mean,Stage 2,-0.6458511143437516,0.6458511143437516
27,mgst_saccade_latency_total,Stage 2,-0.6108257687061066,0.6108257687061066
27,mgst_saccade_duration,Stage 2,0.41375928051247096,0.41375928051247096
27,cdt_saccade_degree_sd,Stage 2,-0.4731642885782631,0.4731642885782631
27,stroop_saccade_degree_mean,Stage 2,0.5733680431944866,0.5733680431944866
27,stroop_screen_duration_mean,Stage 2,-0.0940497770611741,0.0940497770611741
27,stroop_saccade_latency_total,Stage 2,0.5684654529510133,0.5684654529510133
28,questionnaire_latency_mean,Stage 1,0.5747539815039854,0.5747539815039854
28,questionnaire_latency_sd,Stage 1,0.48513029085513143,0.48513029085513143
28,questionnaire_interval_mean,Stage 1,0.7175891445141436,0.7175891445141436
28,questionnaire_interval_sd,Stage 1,1.2244332942113825,1.2244332942113825
28,social_notification_latency_mean,Stage 1,1.013616378559326,1.013616378559326
28,social_notification_latency_sd,Stage 1,0.7821804998498549,0.7821804998498549
28,ambient_light_sd,Stage 1,0.5346394403493989,0.5346394403493989
28,fitbit_steps_active,Stage 1,0.5269221382810918,0.5269221382810918
28,active_session_duration,Stage 1,0.4321392972444138,0.4321392972444138
28,new_apps_added,Stage 1,-0.08293575963987668,0.08293575963987668
28,scroll_interval_sd,Stage 1,0.5624023954132602,0.5624023954132602
28,tap_interval_sd,Stage 1,0.6191110777915249,0.6191110777915249
28,dwell_time_sd,Stage 1,1.0233200928170894,1.0233200928170894
28,idle_interval_sd,Stage 1,0.4831012350829682,0.4831012350829682
28,session_fragmentation,Stage 1,-0.11173290435730238,0.11173290435730238
28,pst_fixation_duration,Stage 2,-0.4357853674796388,0.4357853674796388
28,ast_saccade_time_max,Stage 2,-0.14826976025678887,0.14826976025678887
28,mgst_saccade_degree_total,Stage 2,0.434934674859055,0.434934674859055
28,mgst_saccade_degree_mean,Stage 2,0.14263329160244984,0.14263329160244984
28,mgst_saccade_time_max,Stage 2,0.2160186072831758,0.2160186072831758
28,mgst_fixation_time_max,Stage 2,-0.21641238969457383,0.21641238969457383
28,mgst_fixation_mean,Stage 2,-0.27924022424760786,0.27924022424760786
28,mgst_saccade_latency_total,Stage 2,-0.10826608926304153,0.10826608926304153
28,mgst_saccade_duration,Stage 2,0.3413033011121819,0.3413033011121819
28,cdt_saccade_degree_sd,Stage 2,-0.46787845442541004,0.46787845442541004
28,stroop_saccade_degree_mean,Stage 2,0.22404539698605533,0.22404539698605533
28,stroop_screen_duration_mean,Stage 2,0.3127677800619044,0.3127677800619044
28,stroop_saccade_latency_total,Stage 2,0.7983662957292875,0.7983662957292875
29,questionnaire_latency_mean,Stage 1,0.15749063059822704,0.15749063059822704
29,questionnaire_latency_sd,Stage 1,0.5983521229442548,0.5983521229442548
29,questionnaire_interval_mean,Stage 1,1.032921538407988,1.032921538407988
29,questionnaire_interval_sd,Stage 1,1.0891321744189502,1.0891321744189502
29,social_notification_latency_mean,Stage 1,1.0375095794072906,1.0375095794072906
29,social_notification_latency_sd,Stage 1,1.12110091714372,1.12110091714372
29,ambient_light_sd,Stage 1,0.7753742288900541,0.7753742288900541
29,fitbit_steps_active,Stage 1,0.29643161926953765,0.29643161926953765
29,active_session_duration,Stage 1,0.029624295091626344,0.029624295091626344
29,new_apps_added,Stage 1,-0.2578629889865095,0.2578629889865095
29,scroll_interval_sd,Stage 1,0.446054214263822,0.446054214263822
29,tap_interval_sd,Stage 1,0.7105321286471276,0.7105321286471276
29,dwell_time_sd,Stage 1,0.7753853778416945,0.7753853778416945
29,idle_interval_sd,Stage 1,0.6058055022908592,0.6058055022908592
29,session_fragmentation,Stage 1,0.10467934805624855,0.10467934805624855
29,pst_fixation_duration,Stage 2,-0.4069262939111026,0.4069262939111026
29,ast_saccade_time_max,Stage 2,-0.13529762876799437,0.13529762876799437
29,mgst_saccade_degree_total,Stage 2,0.3727265396812032,0.3727265396812032
29,mgst_saccade_degree_mean,Stage 2,-0.030071640956843303,0.030071640956843303
29,mgst_saccade_time_max,Stage 2,-0.14976993701295468,0.14976993701295468
29,mgst_fixation_time_max,Stage 2,-0.3967956969203686,0.3967956969203686
29,mgst_fixation_mean,Stage 2,-0.8289985377365224,0.8289985377365224
29,mgst_saccade_latency_total,Stage 2,-0.19086576179391782,0.19086576179391782
29,mgst_saccade_duration,Stage 2,0.34827675601100055,0.34827675601100055
29,cdt_saccade_degree_sd,Stage 2,-0.37767049493912136,0.37767049493912136
29,stroop_saccade_degree_mean,Stage 2,0.6226009136590284,0.6226009136590284
29,stroop_screen_duration_mean,Stage 2,0.3963471826083316,0.3963471826083316
29,stroop_saccade_latency_total,Stage 2,0.7378265933271406,0.7378265933271406
30,questionnaire_latency_mean,Stage 1,0.47649863406975346,0.47649863406975346
30,questionnaire_latency_sd,Stage 1,0.2724397356097694,0.2724397356097694
30,questionnaire_interval_mean,Stage 1,0.726630005718583,0.726630005718583
30,questionnaire_interval_sd,Stage 1,1.1698516939985193,1.1698516939985193
30,social_notification_latency_mean,Stage 1,1.07176603289668,1.07176603289668
30,social_notification_latency_sd,Stage 1,0.9143583699346556,0.9143583699346556
30,ambient_light_sd,Stage 1,0.2765013709332819,0.2765013709332819
30,fitbit_steps_active,Stage 1,0.2160387197139972,0.2160387197139972
30,active_session_duration,Stage 1,0.577838644819398,0.577838644819398
30,new_apps_added,Stage 1,-0.16167889488555764,0.16167889488555764
30,scroll_interval_sd,Stage 1,0.6254664397514218,0.6254664397514218
30,tap_interval_sd,Stage 1,0.9072500058853415,0.9072500058853415
30,dwell_time_sd,Stage 1,0.8123263385615986,0.8123263385615986
30,idle_interval_sd,Stage 1,0.7501691275047732,0.7501691275047732
30,session_fragmentation,Stage 1,-0.17109193168612252,0.17109193168612252
30,pst_fixation_duration,Stage 2,-0.439537158808171,0.439537158808171
30,ast_saccade_time_max,Stage 2,0.11277171509901189,0.11277171509901189
30,mgst_saccade_degree_total,Stage 2,0.292906751369174,0.292906751369174
30,mgst_saccade_degree_mean,Stage 2,-0.08079143226701142,0.08079143226701142
30,mgst_saccade_time_max,Stage 2,0.14938123665059988,0.14938123665059988
30,mgst_fixation_time_max,Stage 2,-0.4590340558735575,0.4590340558735575
30,mgst_fixation_mean,Stage 2,-0.4361066503832337,0.4361066503832337
30,mgst_saccade_latency_total,Stage 2,-0.3359958777627871,0.3359958777627871
30,mgst_saccade_duration,Stage 2,0.22748612650700376,0.22748612650700376
30,cdt_saccade_degree_sd,Stage 2,-0.3494609287568201,0.3494609287568201
30,stroop_saccade_degree_mean,Stage 2,0.39634357411022264,0.39634357411022264
30,stroop_screen_duration_mean,Stage 2,0.08068583710200007,0.08068583710200007
30,stroop_saccade_latency_total,Stage 2,0.7880604454832248,0.7880604454832248
