split,feature,stage,importance_mean,importance_std
1,questionnaire_latency_mean,Stage 1,0.03392592592592584,0.013141312777227264
1,questionnaire_latency_sd,Stage 1,0.007999999999999906,0.004002571190083593
1,questionnaire_interval_mean,Stage 1,0.03561111111111101,0.01730526573682768
1,questionnaire_interval_sd,Stage 1,0.020055555555555448,0.010039377204299363
1,social_notification_latency_mean,Stage 1,-0.00353703703703712,0.0036725075065218637
1,social_notification_latency_sd,Stage 1,0.009499999999999916,0.011644909165168308
1,ambient_light_sd,Stage 1,0.002314814814814736,0.0034369192987496835
1,fitbit_steps_active,Stage 1,0.00038888888888879427,0.0025180418938976724
1,active_session_duration,Stage 1,0.0009074074074072939,0.003607500569182628
1,new_apps_added,Stage 1,0.002870370370370264,0.0026375077607333286
1,scroll_interval_sd,Stage 1,0.0043703703703702615,0.004314616113689007
1,tap_interval_sd,Stage 1,0.005462962962962862,0.0028511903994825486
1,dwell_time_sd,Stage 1,0.02611111111111099,0.011412576991207858
1,idle_interval_sd,Stage 1,0.009574074074073973,0.004136765135797752
1,session_fragmentation,Stage 1,-0.0004814814814815752,0.0022486087758015662
1,pst_fixation_duration,Stage 2,-0.0014444444444445296,0.003447430008361506
1,ast_saccade_time_max,Stage 2,0.004574074074073979,0.0026359470281577596
1,mgst_saccade_degree_total,Stage 2,0.012703703703703596,0.0028354506733960245
1,mgst_saccade_degree_mean,Stage 2,0.0019444444444443598,0.002394910584514352
1,mgst_saccade_time_max,Stage 2,-0.002148148148148251,0.0038855364738972923
1,mgst_fixation_time_max,Stage 2,0.011703703703703598,0.006886698178153452
1,mgst_fixation_mean,Stage 2,0.0003518518518517551,0.004537188206098385
1,mgst_saccade_latency_total,Stage 2,0.0031666666666665586,0.0035893933827273747
1,mgst_saccade_duration,Stage 2,0.004962962962962854,0.005759110394646299
1,cdt_saccade_degree_sd,Stage 2,0.002370370370370271,0.004656809106699718
1,stroop_saccade_degree_mean,Stage 2,0.008481481481481375,0.004079793964511802
1,stroop_screen_duration_mean,Stage 2,-0.001074074074074179,0.0018699119350169332
1,stroop_saccade_latency_total,Stage 2,0.005148148148148024,0.003283370411939924
2,questionnaire_latency_mean,Stage 1,0.011462962962962986,0.005839913983619707
2,questionnaire_latency_sd,Stage 1,0.003666666666666703,0.0013653561919382707
2,questionnaire_interval_mean,Stage 1,0.02701851851851855,0.011982053910419895
2,questionnaire_interval_sd,Stage 1,0.008944444444444484,0.005276997993076165
2,social_notification_latency_mean,Stage 1,0.011370370370370413,0.005829775517022519
2,social_notification_latency_sd,Stage 1,0.008814814814814857,0.006284957109722897
2,ambient_light_sd,Stage 1,1.8518518518547317e-05,0.0017771024952049504
2,fitbit_steps_active,Stage 1,0.0004629629629629983,0.0028655874128789864
2,active_session_duration,Stage 1,-0.006814814814814781,0.006352040813515799
2,new_apps_added,Stage 1,0.0017037037037037444,0.0028325464896294616
2,scroll_interval_sd,Stage 1,0.001185185185185215,0.0028318199783133775
2,tap_interval_sd,Stage 1,0.010370370370370422,0.008391566084129177
2,dwell_time_sd,Stage 1,0.014203703703703748,0.006102153929464189
2,idle_interval_sd,Stage 1,0.0022407407407407875,0.005930813956263799
2,session_fragmentation,Stage 1,0.00029629629629633153,0.0007821745215534507
2,pst_fixation_duration,Stage 2,0.0013518518518518781,0.0009036202147226324
2,ast_saccade_time_max,Stage 2,-0.002388888888888848,0.0010258991840343997
2,mgst_saccade_degree_total,Stage 2,-0.0007592592592592077,0.0020361109005776834
2,mgst_saccade_degree_mean,Stage 2,-0.0003148148148147678,0.0006200247793623243
2,mgst_saccade_time_max,Stage 2,-0.00025925925925922945,0.0017077247234664433
2,mgst_fixation_time_max,Stage 2,0.002481481481481514,0.0039013908391892426
2,mgst_fixation_mean,Stage 2,-0.0001296296296296092,0.005908568328979254
2,mgst_saccade_latency_total,Stage 2,-0.0011111111111110738,0.002122774797171398
2,mgst_saccade_duration,Stage 2,0.001296296296296351,0.00268486588139843
2,cdt_saccade_degree_sd,Stage 2,0.0012407407407407718,0.0011081751333612755
2,stroop_saccade_degree_mean,Stage 2,-0.0005740740740740491,0.0024363643110671012
2,stroop_screen_duration_mean,Stage 2,0.00033333333333335956,0.0005665577237325374
2,stroop_saccade_latency_total,Stage 2,-0.0021666666666666167,0.0035058739657001926
3,questionnaire_latency_mean,Stage 1,-0.0016481481481480874,0.007377927449024741
3,questionnaire_latency_sd,Stage 1,0.0016111111111111668,0.0026229048075806457
3,questionnaire_interval_mean,Stage 1,0.01522222222222227,0.009347652155650903
3,questionnaire_interval_sd,Stage 1,0.007111111111111153,0.009329805329679279
3,social_notification_latency_mean,Stage 1,0.00307407407407414,0.002244028808844612
3,social_notification_latency_sd,Stage 1,0.009500000000000057,0.009138114905872087
3,ambient_light_sd,Stage 1,0.0007777777777778439,0.0021208353040326595
3,fitbit_steps_active,Stage 1,0.004500000000000037,0.0032909340488044177
3,active_session_duration,Stage 1,0.004148148148148223,0.005995082575675095
3,new_apps_added,Stage 1,0.0031666666666667212,0.0051343072669164476
3,scroll_interval_sd,Stage 1,0.0007037037037037545,0.0059281245921200335
3,tap_interval_sd,Stage 1,0.008870370370370433,0.005080591920841312
3,dwell_time_sd,Stage 1,0.01453703703703709,0.010091233343739774
3,idle_interval_sd,Stage 1,-0.0008703703703702992,0.009634987825514122
3,session_fragmentation,Stage 1,-0.0006111111111110623,0.0016314173695731124
3,pst_fixation_duration,Stage 2,-0.001962962962962896,0.002857137958059692
3,ast_saccade_time_max,Stage 2,-0.003555555555555486,0.004051113752259353
3,mgst_saccade_degree_total,Stage 2,0.0024629629629630188,0.004066533425598392
3,mgst_saccade_degree_mean,Stage 2,0.000981481481481524,0.001522690745234933
3,mgst_saccade_time_max,Stage 2,-0.0012037037037036292,0.005374998006188425
3,mgst_fixation_time_max,Stage 2,0.007611111111111168,0.007743509162929848
3,mgst_fixation_mean,Stage 2,0.002370370370370445,0.004159706120251617
3,mgst_saccade_latency_total,Stage 2,-0.008074074074074027,0.0061526088235866905
3,mgst_saccade_duration,Stage 2,0.005055555555555606,0.00438935768710524
3,cdt_saccade_degree_sd,Stage 2,-0.00225925925925922,0.0028216291784801248
3,stroop_saccade_degree_mean,Stage 2,-0.00038888888888883867,0.0025865670720294576
3,stroop_screen_duration_mean,Stage 2,-0.0007222222222221427,0.0008624541497922262
3,stroop_saccade_latency_total,Stage 2,0.002407407407407469,0.0031009534353977045
4,questionnaire_latency_mean,Stage 1,0.03133333333333331,0.01584947195703603
4,questionnaire_latency_sd,Stage 1,0.0018518518518518489,0.003337446022538889
4,questionnaire_interval_mean,Stage 1,0.02203703703703703,0.014157646607963974
4,questionnaire_interval_sd,Stage 1,0.013981481481481465,0.010081033135593456
4,social_notification_latency_mean,Stage 1,0.011722222222222222,0.007574526836055398
4,social_notification_latency_sd,Stage 1,0.0021296296296296037,0.009982580850609594
4,ambient_light_sd,Stage 1,0.0025925925925925795,0.0012614360271056616
4,fitbit_steps_active,Stage 1,0.0007407407407407492,0.005356303415843698
4,active_session_duration,Stage 1,0.009722222222222203,0.01143396679669041
4,new_apps_added,Stage 1,-0.0034444444444444353,0.005457278901074707
4,scroll_interval_sd,Stage 1,0.0020555555555555253,0.0013467687285612536
4,tap_interval_sd,Stage 1,0.003685185185185169,0.009233464068840187
4,dwell_time_sd,Stage 1,0.012425925925925922,0.008872071282063678
4,idle_interval_sd,Stage 1,0.004888888888888876,0.010089517030535443
4,session_fragmentation,Stage 1,0.000277777777777762,0.0006990587440065396
4,pst_fixation_duration,Stage 2,0.0018888888888888733,0.001812167381144448
4,ast_saccade_time_max,Stage 2,0.0017777777777777596,0.0012035612451312605
4,mgst_saccade_degree_total,Stage 2,0.001648148148148143,0.0029379149591624073
4,mgst_saccade_degree_mean,Stage 2,0.0009814814814814536,0.0010110839773865747
4,mgst_saccade_time_max,Stage 2,0.0007777777777777698,0.0032823257838673534
4,mgst_fixation_time_max,Stage 2,0.004074074074074078,0.006088059779542788
4,mgst_fixation_mean,Stage 2,0.002222222222222218,0.0034812844703910545
4,mgst_saccade_latency_total,Stage 2,-0.0015555555555555544,0.002519063121945473
4,mgst_saccade_duration,Stage 2,0.0027592592592592465,0.002511223093755665
4,cdt_saccade_degree_sd,Stage 2,0.00181481481481481,0.003933430981559765
4,stroop_saccade_degree_mean,Stage 2,0.0008703703703703584,0.0026476300969575485
4,stroop_screen_duration_mean,Stage 2,0.0007037037037036731,0.0011558878914316412
4,stroop_saccade_latency_total,Stage 2,0.002870370370370364,0.004774941736514248
5,questionnaire_latency_mean,Stage 1,0.013555555555555491,0.006550845765770528
5,questionnaire_latency_sd,Stage 1,0.005777777777777707,0.004914076530554652
5,questionnaire_interval_mean,Stage 1,0.01770370370370364,0.010007952941788252
5,questionnaire_interval_sd,Stage 1,0.00618518518518513,0.002377593162326532
5,social_notification_latency_mean,Stage 1,0.004092592592592518,0.003730872572320261
5,social_notification_latency_sd,Stage 1,0.007962962962962894,0.00782437540511127
5,ambient_light_sd,Stage 1,0.005518518518518449,0.003445439919868962
5,fitbit_steps_active,Stage 1,0.0008518518518517926,0.001061225835695892
5,active_session_duration,Stage 1,0.0038333333333332776,0.0030169275516412205
5,new_apps_added,Stage 1,0.0005370370370369656,0.003494508723819476
5,scroll_interval_sd,Stage 1,0.007296296296296237,0.007284254021720356
5,tap_interval_sd,Stage 1,0.0026481481481480883,0.0022891915178098673
5,dwell_time_sd,Stage 1,0.021648148148148093,0.010482675628874151
5,idle_interval_sd,Stage 1,0.003666666666666592,0.003567687635111625
5,session_fragmentation,Stage 1,0.0006111111111110327,0.0008031573497111638
5,pst_fixation_duration,Stage 2,0.0007222222222221538,0.0013918486980824779
5,ast_saccade_time_max,Stage 2,0.0031666666666665994,0.0015918387535438189
5,mgst_saccade_degree_total,Stage 2,0.0016296296296295623,0.0021224516713917612
5,mgst_saccade_degree_mean,Stage 2,0.0009814814814814092,0.0008074159020959822
5,mgst_saccade_time_max,Stage 2,7.407407407400424e-05,0.0012808604789474453
5,mgst_fixation_time_max,Stage 2,0.0010740740740740199,0.004879058579278127
5,mgst_fixation_mean,Stage 2,0.008870370370370303,0.006165554343013509
5,mgst_saccade_latency_total,Stage 2,-0.002537037037037108,0.002853354582436926
5,mgst_saccade_duration,Stage 2,0.0005555555555554944,0.0027026887998752532
5,cdt_saccade_degree_sd,Stage 2,-0.00014814814814823052,0.0014482381330382993
5,stroop_saccade_degree_mean,Stage 2,-0.00037037037037045785,0.0016058876584206488
5,stroop_screen_duration_mean,Stage 2,-0.0010925925925926486,0.0009238866432049155
5,stroop_saccade_latency_total,Stage 2,0.0028518518518517834,0.001731654774453481
6,questionnaire_latency_mean,Stage 1,0.016259259259259296,0.006714233596222011
6,questionnaire_latency_sd,Stage 1,0.004518518518518551,0.0026978627928110253
6,questionnaire_interval_mean,Stage 1,0.029500000000000037,0.015770570863155024
6,questionnaire_interval_sd,Stage 1,0.00800000000000004,0.004878355656311355
6,social_notification_latency_mean,Stage 1,0.004666666666666693,0.002604206789814365
6,social_notification_latency_sd,Stage 1,0.022222222222222247,0.00850683578917761
6,ambient_light_sd,Stage 1,0.011703703703703713,0.004627999713084173
6,fitbit_steps_active,Stage 1,0.0014259259259259453,0.0009800828609184754
6,active_session_duration,Stage 1,0.008481481481481494,0.004181906286855767
6,new_apps_added,Stage 1,0.001611111111111126,0.0017936215290022721
6,scroll_interval_sd,Stage 1,0.003944444444444458,0.0034526485330835604
6,tap_interval_sd,Stage 1,0.017314814814814845,0.006079181457065471
6,dwell_time_sd,Stage 1,0.02914814814814817,0.008757986752764091
6,idle_interval_sd,Stage 1,0.018500000000000023,0.008641404302123436
6,session_fragmentation,Stage 1,0.0011666666666666937,0.0014792807728549542
6,pst_fixation_duration,Stage 2,0.0005370370370370507,0.0005068123030890329
6,ast_saccade_time_max,Stage 2,0.003388888888888919,0.0018445225329297478
6,mgst_saccade_degree_total,Stage 2,0.005055555555555587,0.0019423268892892257
6,mgst_saccade_degree_mean,Stage 2,0.0034629629629629862,0.001467643707486994
6,mgst_saccade_time_max,Stage 2,0.001055555555555569,0.002004880875539198
6,mgst_fixation_time_max,Stage 2,0.0032037037037037273,0.006984231701154988
6,mgst_fixation_mean,Stage 2,0.0032777777777778126,0.001625098920699167
6,mgst_saccade_latency_total,Stage 2,0.0020185185185185345,0.004063496369320896
6,mgst_saccade_duration,Stage 2,0.0024074074074074358,0.0022098420578038984
6,cdt_saccade_degree_sd,Stage 2,0.002703703703703727,0.0037971543745688304
6,stroop_saccade_degree_mean,Stage 2,0.000388888888888909,0.001679885847581712
6,stroop_screen_duration_mean,Stage 2,-0.0007407407407407196,0.0010176764195580724
6,stroop_saccade_latency_total,Stage 2,0.0037962962962963197,0.002003512005617386
7,questionnaire_latency_mean,Stage 1,0.004666666666666571,0.0027688746209727053
7,questionnaire_latency_sd,Stage 1,0.00040740740740731197,0.0010823436441631383
7,questionnaire_interval_mean,Stage 1,0.02987037037037027,0.014101836652796951
7,questionnaire_interval_sd,Stage 1,0.010166666666666565,0.003600840094021955
7,social_notification_latency_mean,Stage 1,0.006055555555555455,0.004532348295305529
7,social_notification_latency_sd,Stage 1,0.009259259259259153,0.005695159545584037
7,ambient_light_sd,Stage 1,0.0020370370370369484,0.0016992695921414114
7,fitbit_steps_active,Stage 1,-0.000444444444444525,0.0003628873693012208
7,active_session_duration,Stage 1,0.01722222222222213,0.009026709338484415
7,new_apps_added,Stage 1,0.0005925925925925076,0.0009398946326259109
7,scroll_interval_sd,Stage 1,0.001814814814814721,0.001266320073872483
7,tap_interval_sd,Stage 1,0.002555555555555459,0.0030415503952070837
7,dwell_time_sd,Stage 1,0.01864814814814806,0.007812993468640233
7,idle_interval_sd,Stage 1,0.0027592592592591836,0.0021299516664724863
7,session_fragmentation,Stage 1,0.00048148148148139763,0.0009593950997769352
7,pst_fixation_duration,Stage 2,0.0003333333333332596,0.0006017806225656196
7,ast_saccade_time_max,Stage 2,0.0007777777777776884,0.0009792077086224014
7,mgst_saccade_degree_total,Stage 2,0.002203703703703604,0.0020512132981513843
7,mgst_saccade_degree_mean,Stage 2,-0.0003703703703704616,0.0002986021388258638
7,mgst_saccade_time_max,Stage 2,0.0020555555555554625,0.002594509873074584
7,mgst_fixation_time_max,Stage 2,0.002333333333333254,0.0019105511668931683
7,mgst_fixation_mean,Stage 2,0.005666666666666572,0.0035786288382758866
7,mgst_saccade_latency_total,Stage 2,0.001537037037036959,0.001264287347310993
7,mgst_saccade_duration,Stage 2,0.003481481481481382,0.0025577017289806717
7,cdt_saccade_degree_sd,Stage 2,0.0008888888888888021,0.0012222222222222341
7,stroop_saccade_degree_mean,Stage 2,-0.00012962962962973502,0.00046885144078413375
7,stroop_screen_duration_mean,Stage 2,0.0015185185185184302,0.0008717483182177605
7,stroop_saccade_latency_total,Stage 2,0.0002777777777776954,0.0008813336321696884
8,questionnaire_latency_mean,Stage 1,0.028388888888888898,0.0082755403389286
8,questionnaire_latency_sd,Stage 1,0.0012222222222222614,0.0017939083019721943
8,questionnaire_interval_mean,Stage 1,0.018296296296296335,0.009101545716565237
8,questionnaire_interval_sd,Stage 1,0.010500000000000035,0.0059582739788116845
8,social_notification_latency_mean,Stage 1,0.0029629629629630044,0.002812133225589368
8,social_notification_latency_sd,Stage 1,0.005222222222222283,0.004629481479111022
8,ambient_light_sd,Stage 1,0.0032777777777778425,0.0030407046508436997
8,fitbit_steps_active,Stage 1,0.0002777777777778249,0.002445917064838023
8,active_session_duration,Stage 1,0.00224074074074078,0.0023937647627469503
8,new_apps_added,Stage 1,0.004907407407407431,0.004293940925235242
8,scroll_interval_sd,Stage 1,-0.00042592592592587776,0.0031021144167479313
8,tap_interval_sd,Stage 1,0.006407407407407465,0.006263640807000516
8,dwell_time_sd,Stage 1,0.016740740740740785,0.009221478476628584
8,idle_interval_sd,Stage 1,0.003481481481481526,0.002467622993350348
8,session_fragmentation,Stage 1,0.0016666666666667052,0.0029779712485518695
8,pst_fixation_duration,Stage 2,-0.0010185185185184816,0.0012008513212498817
8,ast_saccade_time_max,Stage 2,-0.0002592592592592369,0.004081810835672905
8,mgst_saccade_degree_total,Stage 2,0.005851851851851878,0.003387623726601222
8,mgst_saccade_degree_mean,Stage 2,0.0026851851851852275,0.0015454921395337935
8,mgst_saccade_time_max,Stage 2,0.002833333333333369,0.0023056113335510617
8,mgst_fixation_time_max,Stage 2,0.005592592592592623,0.004870616808298369
8,mgst_fixation_mean,Stage 2,0.0028703703703704194,0.0030228326362497296
8,mgst_saccade_latency_total,Stage 2,0.002018518518518538,0.004007409118915209
8,mgst_saccade_duration,Stage 2,-0.00035185185185181064,0.0033038303413695865
8,cdt_saccade_degree_sd,Stage 2,-0.0012777777777777332,0.00450913567402323
8,stroop_saccade_degree_mean,Stage 2,-0.002648148148148107,0.0020117112534736607
8,stroop_screen_duration_mean,Stage 2,-0.002314814814814762,0.00221333097823267
8,stroop_saccade_latency_total,Stage 2,0.000703703703703747,0.0019241444752385944
9,questionnaire_latency_mean,Stage 1,0.02870370370370375,0.011258589161346033
9,questionnaire_latency_sd,Stage 1,0.007166666666666736,0.0036552853665768686
9,questionnaire_interval_mean,Stage 1,0.024981481481481552,0.011593672296187503
9,questionnaire_interval_sd,Stage 1,0.010240740740740818,0.004602922969464699
9,social_notification_latency_mean,Stage 1,0.00690740740740747,0.004591733790670967
9,social_notification_latency_sd,Stage 1,0.01909259259259264,0.00877881303474677
9,ambient_light_sd,Stage 1,0.0039074074074074965,0.0034856653347372303
9,fitbit_steps_active,Stage 1,0.003574074074074159,0.0023687060129072637
9,active_session_duration,Stage 1,-0.0017407407407406686,0.008449478681331932
9,new_apps_added,Stage 1,0.00638888888888897,0.0036900210221668087
9,scroll_interval_sd,Stage 1,0.0020740740740741465,0.003239205985790551
9,tap_interval_sd,Stage 1,0.01301851851851858,0.009427744858334622
9,dwell_time_sd,Stage 1,0.011500000000000073,0.009352658564398802
9,idle_interval_sd,Stage 1,0.009000000000000057,0.006147032473515391
9,session_fragmentation,Stage 1,0.0007962962962963874,0.0018408003567363929
9,pst_fixation_duration,Stage 2,0.0011666666666667528,0.0018666997351568155
9,ast_saccade_time_max,Stage 2,0.00029629629629638704,0.003506998685560237
9,mgst_saccade_degree_total,Stage 2,0.003148148148148248,0.002104929220501153
9,mgst_saccade_degree_mean,Stage 2,-0.0012407407407406645,0.0032510945714033764
9,mgst_saccade_time_max,Stage 2,-0.0020185185185184564,0.003844945731965023
9,mgst_fixation_time_max,Stage 2,0.005055555555555628,0.0064107516427884155
9,mgst_fixation_mean,Stage 2,0.012185185185185259,0.006819141138813326
9,mgst_saccade_latency_total,Stage 2,0.0030555555555556186,0.0032544682800740754
9,mgst_saccade_duration,Stage 2,0.007259259259259325,0.003859500952124681
9,cdt_saccade_degree_sd,Stage 2,0.008833333333333393,0.006261368261832883
9,stroop_saccade_degree_mean,Stage 2,0.00038888888888895706,0.0021949718072375914
9,stroop_screen_duration_mean,Stage 2,0.0022037037037037927,0.001794386155075143
9,stroop_saccade_latency_total,Stage 2,0.0006111111111111807,0.00099742466737002
10,questionnaire_latency_mean,Stage 1,0.005351851851851937,0.017952545662039125
10,questionnaire_latency_sd,Stage 1,0.006333333333333413,0.004091545031004876
10,questionnaire_interval_mean,Stage 1,0.017981481481481567,0.012568727385589926
10,questionnaire_interval_sd,Stage 1,0.017481481481481567,0.01326194882715591
10,social_notification_latency_mean,Stage 1,0.00809259259259268,0.0074875525422331635
10,social_notification_latency_sd,Stage 1,0.00803703703703714,0.010786683351378586
10,ambient_light_sd,Stage 1,0.012851851851851937,0.007035672382299806
10,fitbit_steps_active,Stage 1,0.002981481481481559,0.005150978438624225
10,active_session_duration,Stage 1,0.005296296296296392,0.0075205251837741054
10,new_apps_added,Stage 1,-0.003555555555555464,0.005958705634574184
10,scroll_interval_sd,Stage 1,-0.0006111111111110217,0.00593925006697181
10,tap_interval_sd,Stage 1,0.003944444444444532,0.006501582586700503
10,dwell_time_sd,Stage 1,0.01948148148148157,0.014882899108408159
10,idle_interval_sd,Stage 1,-7.407407407398204e-05,0.005312717356160323
10,session_fragmentation,Stage 1,0.0007037037037037841,0.0027176201967176504
10,pst_fixation_duration,Stage 2,-0.0008518518518517518,0.004429914520753151
10,ast_saccade_time_max,Stage 2,0.0028148148148148923,0.004259903332944964
10,mgst_saccade_degree_total,Stage 2,0.0019814814814815692,0.005395248887902605
10,mgst_saccade_degree_mean,Stage 2,-0.0017962962962962182,0.0017490934355730947
10,mgst_saccade_time_max,Stage 2,0.002185185185185275,0.0026408212548112275
10,mgst_fixation_time_max,Stage 2,0.002851851851851961,0.00658551430248678
10,mgst_fixation_mean,Stage 2,0.015814814814814903,0.007435225542992729
10,mgst_saccade_latency_total,Stage 2,0.00011111111111119139,0.005072316538005909
10,mgst_saccade_duration,Stage 2,0.004148148148148231,0.004336023223379915
10,cdt_saccade_degree_sd,Stage 2,-0.0071851851851850905,0.0049294056214234565
10,stroop_saccade_degree_mean,Stage 2,-0.0004629629629628725,0.004253014746121505
10,stroop_screen_duration_mean,Stage 2,-0.0003333333333332411,0.0038825344910346994
10,stroop_saccade_latency_total,Stage 2,0.002925925925926013,0.005159858783065655
11,questionnaire_latency_mean,Stage 1,0.016314814814814803,0.006917329781292421
11,questionnaire_latency_sd,Stage 1,0.0051851851851851555,0.004195169996931597
11,questionnaire_interval_mean,Stage 1,0.02316666666666665,0.015624285991916615
11,questionnaire_interval_sd,Stage 1,0.011037037037037019,0.006859455240780745
11,social_notification_latency_mean,Stage 1,0.003629629629629601,0.0034208671359161713
11,social_notification_latency_sd,Stage 1,0.007277777777777764,0.006428380361652068
11,ambient_light_sd,Stage 1,0.0039814814814814635,0.00285839797045057
11,fitbit_steps_active,Stage 1,-0.0015925925925926157,0.001923074812703279
11,active_session_duration,Stage 1,0.0029074074074073955,0.004831914081395303
11,new_apps_added,Stage 1,-0.000296296296296313,0.0028679201011268048
11,scroll_interval_sd,Stage 1,0.00514814814814815,0.0020434243295012955
11,tap_interval_sd,Stage 1,0.010018518518518515,0.00421754939604664
11,dwell_time_sd,Stage 1,0.02005555555555553,0.009183038130183882
11,idle_interval_sd,Stage 1,0.005851851851851845,0.00477418756868801
11,session_fragmentation,Stage 1,-0.0026851851851851867,0.0025542804118766226
11,pst_fixation_duration,Stage 2,0.0004074074074073786,0.0008105951343792335
11,ast_saccade_time_max,Stage 2,-0.0020370370370370447,0.0024525678712804897
11,mgst_saccade_degree_total,Stage 2,0.0014444444444444075,0.003658801890745131
11,mgst_saccade_degree_mean,Stage 2,0.0007962962962962727,0.0020269954519964452
11,mgst_saccade_time_max,Stage 2,-0.0010555555555555836,0.0018445225329297643
11,mgst_fixation_time_max,Stage 2,0.0027407407407407216,0.005032677852285326
11,mgst_fixation_mean,Stage 2,-0.00018518518518520672,0.002410254726447992
11,mgst_saccade_latency_total,Stage 2,-0.0006481481481481681,0.004279541082789904
11,mgst_saccade_duration,Stage 2,-0.0012037037037037216,0.0017863412577565436
11,cdt_saccade_degree_sd,Stage 2,0.004425925925925911,0.0037556085174145657
11,stroop_saccade_degree_mean,Stage 2,-0.002129629629629644,0.0014981698940874579
11,stroop_screen_duration_mean,Stage 2,-0.0018888888888889178,0.0009251848886516032
11,stroop_saccade_latency_total,Stage 2,-0.00048148148148150865,0.0024792693290636393
12,questionnaire_latency_mean,Stage 1,0.02042592592592585,0.015172318397062365
12,questionnaire_latency_sd,Stage 1,0.003851851851851769,0.0025617209578949
12,questionnaire_interval_mean,Stage 1,0.015111111111111046,0.010130222069478768
12,questionnaire_interval_sd,Stage 1,0.02088888888888882,0.010164895615826975
12,social_notification_latency_mean,Stage 1,0.014481481481481403,0.006652660183501539
12,social_notification_latency_sd,Stage 1,0.0065925925925925275,0.005125449560395573
12,ambient_light_sd,Stage 1,0.009999999999999901,0.004853830526696722
12,fitbit_steps_active,Stage 1,0.0036296296296295344,0.00251224709364617
12,active_session_duration,Stage 1,-0.00016666666666674082,0.0068765570627340195
12,new_apps_added,Stage 1,-0.0037222222222222934,0.005992364826509779
12,scroll_interval_sd,Stage 1,0.012222222222222141,0.005146016078626402
12,tap_interval_sd,Stage 1,0.010648148148148066,0.007163699261249308
12,dwell_time_sd,Stage 1,0.01664814814814807,0.006380402307666953
12,idle_interval_sd,Stage 1,0.00448148148148139,0.005441294125098343
12,session_fragmentation,Stage 1,-0.0016481481481482282,0.002191844842465593
12,pst_fixation_duration,Stage 2,0.0007777777777777069,0.0012137755265314097
12,ast_saccade_time_max,Stage 2,0.0010555555555554837,0.004148354822893716
12,mgst_saccade_degree_total,Stage 2,0.0015925925925925196,0.0037232815886999253
12,mgst_saccade_degree_mean,Stage 2,7.407407407398944e-05,0.002504043369464495
12,mgst_saccade_time_max,Stage 2,-0.0016481481481482208,0.0009987990044564403
12,mgst_fixation_time_max,Stage 2,0.010203703703703637,0.006693592743321253
12,mgst_fixation_mean,Stage 2,0.0015555555555554878,0.0013099806802835024
12,mgst_saccade_latency_total,Stage 2,0.001092592592592534,0.0009567104705992313
12,mgst_saccade_duration,Stage 2,0.002537037037036975,0.0033446823261448506
12,cdt_saccade_degree_sd,Stage 2,0.0060555555555554955,0.0033189504513875317
12,stroop_saccade_degree_mean,Stage 2,0.004240740740740653,0.0017943861550751498
12,stroop_screen_duration_mean,Stage 2,-0.0014629629629630363,0.0009884448996357316
12,stroop_saccade_latency_total,Stage 2,-0.004148148148148219,0.006693976982808117
13,questionnaire_latency_mean,Stage 1,0.0019259259259258902,0.005087168828936329
13,questionnaire_latency_sd,Stage 1,-0.0010925925925926413,0.0029062276445738174
13,questionnaire_interval_mean,Stage 1,0.023629629629629598,0.014582483808295639
13,questionnaire_interval_sd,Stage 1,0.01564814814814811,0.011240069538811211
13,social_notification_latency_mean,Stage 1,0.009759259259259212,0.005175288173788569
13,social_notification_latency_sd,Stage 1,0.007296296296296263,0.005857943383634848
13,ambient_light_sd,Stage 1,0.0032777777777777462,0.0035292720661451536
13,fitbit_steps_active,Stage 1,-0.0010740740740740977,0.001390246250305442
13,active_session_duration,Stage 1,-0.0005555555555555943,0.006222883562737697
13,new_apps_added,Stage 1,-0.0016481481481481874,0.0031865307235496975
13,scroll_interval_sd,Stage 1,0.003759259259259214,0.004795581242279515
13,tap_interval_sd,Stage 1,0.022981481481481467,0.011491169747564967
13,dwell_time_sd,Stage 1,0.023203703703703657,0.00916771411898042
13,idle_interval_sd,Stage 1,-0.0008333333333333748,0.007357354037710429
13,session_fragmentation,Stage 1,-0.0009074074074074456,0.0011956998857302107
13,pst_fixation_duration,Stage 2,0.0020555555555555214,0.0014138497775278854
13,ast_saccade_time_max,Stage 2,0.002018518518518475,0.0016196029928952876
13,mgst_saccade_degree_total,Stage 2,0.0013703703703703515,0.002903571425558469
13,mgst_saccade_degree_mean,Stage 2,0.00011111111111107667,0.003074520271053584
13,mgst_saccade_time_max,Stage 2,-0.005444444444444482,0.003422871511277624
13,mgst_fixation_time_max,Stage 2,0.0008518518518517926,0.006032718291639559
13,mgst_fixation_mean,Stage 2,0.0015185185185185004,0.0040722218011553886
13,mgst_saccade_latency_total,Stage 2,-0.003222222222222256,0.005366026340144787
13,mgst_saccade_duration,Stage 2,0.002462962962962915,0.0022756690027661915
13,cdt_saccade_degree_sd,Stage 2,-3.703703703706133e-05,0.0028106694622080427
13,stroop_saccade_degree_mean,Stage 2,0.00040740740740737486,0.0014195383627212434
13,stroop_screen_duration_mean,Stage 2,0.0004074074074073675,0.0018588755690858599
13,stroop_saccade_latency_total,Stage 2,-0.00046296296296300944,0.0027068094794977992
14,questionnaire_latency_mean,Stage 1,0.010500000000000039,0.015151735969210194
14,questionnaire_latency_sd,Stage 1,-0.0008888888888888539,0.0034504129889389662
14,questionnaire_interval_mean,Stage 1,0.020611111111111146,0.009215470531630045
14,questionnaire_interval_sd,Stage 1,0.011074074074074118,0.005332433051586961
14,social_notification_latency_mean,Stage 1,0.003907407407407448,0.002983091352809088
14,social_notification_latency_sd,Stage 1,0.010185185185185238,0.006050768296850198
14,ambient_light_sd,Stage 1,-0.0003518518518517995,0.003234597351670662
14,fitbit_steps_active,Stage 1,0.0007407407407407899,0.001994505484123908
14,active_session_duration,Stage 1,0.0011666666666667195,0.002958387671210235
14,new_apps_added,Stage 1,0.006962962962963001,0.0031841083451039824
14,scroll_interval_sd,Stage 1,0.0036111111111111613,0.0043785626294011604
14,tap_interval_sd,Stage 1,0.013629629629629677,0.004611966304751064
14,dwell_time_sd,Stage 1,0.03344444444444448,0.01057444703240562
14,idle_interval_sd,Stage 1,0.009629629629629651,0.006804642165967212
14,session_fragmentation,Stage 1,-0.00012962962962957588,0.0011174203586329875
14,pst_fixation_duration,Stage 2,0.002314814814814862,0.0018652294584808008
14,ast_saccade_time_max,Stage 2,0.0005925925925926482,0.0015511401178793854
14,mgst_saccade_degree_total,Stage 2,0.00753703703703709,0.004503504198797554
14,mgst_saccade_degree_mean,Stage 2,0.0008518518518518925,0.0009377028815683198
14,mgst_saccade_time_max,Stage 2,0.001666666666666694,0.002725432725108927
14,mgst_fixation_time_max,Stage 2,0.003629629629629679,0.002202380555158301
14,mgst_fixation_mean,Stage 2,0.0034444444444444795,0.0017237150041807538
14,mgst_saccade_latency_total,Stage 2,0.003629629629629664,0.0029212339313645927
14,mgst_saccade_duration,Stage 2,0.003888888888888953,0.002545875386086576
14,cdt_saccade_degree_sd,Stage 2,0.0025000000000000465,0.00427152019469211
14,stroop_saccade_degree_mean,Stage 2,0.00244444444444449,0.0026705219045719
14,stroop_screen_duration_mean,Stage 2,-0.0013333333333332828,0.0014529663145135486
14,stroop_saccade_latency_total,Stage 2,0.002833333333333384,0.002510676789709684
15,questionnaire_latency_mean,Stage 1,0.0063518518518518195,0.009825308855273147
15,questionnaire_latency_sd,Stage 1,0.0011851851851851522,0.001439688275968659
15,questionnaire_interval_mean,Stage 1,0.03118518518518514,0.017729525566623546
15,questionnaire_interval_sd,Stage 1,0.011833333333333317,0.005557684777162559
15,social_notification_latency_mean,Stage 1,0.0020185185185184937,0.006250075445360832
15,social_notification_latency_sd,Stage 1,0.01724074074074069,0.009513347060357339
15,ambient_light_sd,Stage 1,0.005648148148148113,0.004072600743696622
15,fitbit_steps_active,Stage 1,0.00024074074074070066,0.001646066100641703
15,active_session_duration,Stage 1,-0.00020370370370372445,0.006318832218342764
15,new_apps_added,Stage 1,-0.0030555555555556004,0.0026864620208185324
15,scroll_interval_sd,Stage 1,0.0006296296296295948,0.002202380555158304
15,tap_interval_sd,Stage 1,-0.0009814814814815055,0.005666817959732919
15,dwell_time_sd,Stage 1,0.018777777777777737,0.015190423667344351
15,idle_interval_sd,Stage 1,0.0024814814814814548,0.007115642846142197
15,session_fragmentation,Stage 1,-0.0007592592592592928,0.0009126830763223273
15,pst_fixation_duration,Stage 2,0.0016296296296295994,0.0017912299687916512
15,ast_saccade_time_max,Stage 2,-0.003740740740740774,0.0021986403080971684
15,mgst_saccade_degree_total,Stage 2,0.0011296296296295916,0.005713465672101511
15,mgst_saccade_degree_mean,Stage 2,-0.000129629629629661,0.0018958658365594223
15,mgst_saccade_time_max,Stage 2,-0.0069444444444444675,0.0067277296080484935
15,mgst_fixation_time_max,Stage 2,-0.0005555555555556017,0.0078015509695742
15,mgst_fixation_mean,Stage 2,-0.0018518518518518933,0.0036127726471886427
15,mgst_saccade_latency_total,Stage 2,-0.0006851851851852145,0.0022620656522499825
15,mgst_saccade_duration,Stage 2,0.008685185185185145,0.004741210914184752
15,cdt_saccade_degree_sd,Stage 2,0.0009259259259258967,0.0014581496062984708
15,stroop_saccade_degree_mean,Stage 2,-0.0025185185185185458,0.002394838986715127
15,stroop_screen_duration_mean,Stage 2,-0.0002592592592593146,0.0007554102983100355
15,stroop_saccade_latency_total,Stage 2,-0.0036111111111111426,0.0031970601207418434
16,questionnaire_latency_mean,Stage 1,0.006555555555555581,0.004850438018487948
16,questionnaire_latency_sd,Stage 1,0.0007407407407407714,0.00086463833555026
16,questionnaire_interval_mean,Stage 1,0.030370370370370395,0.015136779216465128
16,questionnaire_interval_sd,Stage 1,0.004296296296296354,0.005860050515473022
16,social_notification_latency_mean,Stage 1,0.01220370370370375,0.005400585498919404
16,social_notification_latency_sd,Stage 1,0.005666666666666709,0.00783497487396865
16,ambient_light_sd,Stage 1,0.005592592592592652,0.001961215154796093
16,fitbit_steps_active,Stage 1,0.0012222222222222504,0.0013021033949071744
16,active_session_duration,Stage 1,-0.00011111111111106187,0.003825945645497919
16,new_apps_added,Stage 1,-0.0006851851851851331,0.001231307422954007
16,scroll_interval_sd,Stage 1,0.0018333333333333832,0.0015982886938758004
16,tap_interval_sd,Stage 1,0.0024444444444444934,0.004745801696747971
16,dwell_time_sd,Stage 1,0.010870370370370403,0.008437232950608012
16,idle_interval_sd,Stage 1,-0.00033333333333327814,0.00448270567913636
16,session_fragmentation,Stage 1,0.0007777777777778031,0.0009471638409292112
16,pst_fixation_duration,Stage 2,-0.0014629629629629103,0.0020562227812667183
16,ast_saccade_time_max,Stage 2,-0.0013703703703703217,0.0030216411932401607
16,mgst_saccade_degree_total,Stage 2,0.0016111111111111371,0.00513671125031726
16,mgst_saccade_degree_mean,Stage 2,-0.001851851851851786,0.0017411347071915738
16,mgst_saccade_time_max,Stage 2,0.0020185185185185566,0.0014940439593725866
16,mgst_fixation_time_max,Stage 2,0.0015000000000000458,0.005800436339482996
16,mgst_fixation_mean,Stage 2,0.0010000000000000453,0.004387130449422128
16,mgst_saccade_latency_total,Stage 2,-0.0011481481481481056,0.00399313539909439
16,mgst_saccade_duration,Stage 2,0.005611111111111148,0.00295490803266049
16,cdt_saccade_degree_sd,Stage 2,0.00018518518518522524,0.0029860213882587213
16,stroop_saccade_degree_mean,Stage 2,0.0012962962962963175,0.0017935259278226898
16,stroop_screen_duration_mean,Stage 2,0.0007592592592592928,0.0016941155317280446
16,stroop_saccade_latency_total,Stage 2,-0.0020555555555555106,0.003440110774367254
17,questionnaire_latency_mean,Stage 1,0.0017592592592592974,0.0014704450023040863
17,questionnaire_latency_sd,Stage 1,0.001518518518518545,0.0008231892878108429
17,questionnaire_interval_mean,Stage 1,0.008407407407407442,0.007322288727474823
17,questionnaire_interval_sd,Stage 1,0.015685185185185222,0.006379112218979373
17,social_notification_latency_mean,Stage 1,0.00020370370370372814,0.0007655565410590576
17,social_notification_latency_sd,Stage 1,0.0028703703703703933,0.002781787229829745
17,ambient_light_sd,Stage 1,-0.00022222222222219404,0.0007114582486036507
17,fitbit_steps_active,Stage 1,0.0001481481481481676,0.0008105951343792261
17,active_session_duration,Stage 1,0.002518518518518553,0.001288867603059674
17,new_apps_added,Stage 1,0.00048148148148151234,0.0010899214051527523
17,scroll_interval_sd,Stage 1,0.002907407407407455,0.0013957853471267664
17,tap_interval_sd,Stage 1,0.005370370370370385,0.0036664796061524584
17,dwell_time_sd,Stage 1,0.0004444444444444843,0.0027903419558277503
17,idle_interval_sd,Stage 1,-0.00038888888888886827,0.001655207519967321
17,session_fragmentation,Stage 1,0.0001666666666667001,0.000862454149792221
17,pst_fixation_duration,Stage 2,0.0022777777777778156,0.0013017082793177622
17,ast_saccade_time_max,Stage 2,0.0004444444444444695,0.0007644358311315032
17,mgst_saccade_degree_total,Stage 2,0.0012407407407407423,0.0010799646897646873
17,mgst_saccade_degree_mean,Stage 2,-0.00018518518518513641,0.0006625386599999357
17,mgst_saccade_time_max,Stage 2,0.0020555555555555843,0.0005940375900868686
17,mgst_fixation_time_max,Stage 2,0.0007037037037037545,0.0017681064092266564
17,mgst_fixation_mean,Stage 2,0.001148148148148176,0.0010631629699561073
17,mgst_saccade_latency_total,Stage 2,-0.0008148148148147756,0.0014539101056585597
17,mgst_saccade_duration,Stage 2,0.0020925925925926125,0.0022392097616464875
17,cdt_saccade_degree_sd,Stage 2,0.0010555555555555873,0.0009111788592698125
17,stroop_saccade_degree_mean,Stage 2,-0.0006296296296296022,0.0007416660886852153
17,stroop_screen_duration_mean,Stage 2,0.00018518518518521412,0.0005037581669902029
17,stroop_saccade_latency_total,Stage 2,0.0005000000000000227,0.0013174204749505497
18,questionnaire_latency_mean,Stage 1,0.012648148148148105,0.011662859461098189
18,questionnaire_latency_sd,Stage 1,0.000277777777777725,0.0013739942075221803
18,questionnaire_interval_mean,Stage 1,0.045092592592592566,0.022568634838280498
18,questionnaire_interval_sd,Stage 1,0.015777777777777755,0.006323904612446729
18,social_notification_latency_mean,Stage 1,0.0076666666666666255,0.004248940802410263
18,social_notification_latency_sd,Stage 1,0.007925925925925885,0.00923507953953343
18,ambient_light_sd,Stage 1,0.006222222222222192,0.005277095472465372
18,fitbit_steps_active,Stage 1,0.00022222222222216813,0.0025724082006200644
18,active_session_duration,Stage 1,0.0033148148148147817,0.008059045646678878
18,new_apps_added,Stage 1,0.0002592592592592369,0.004616425615076416
18,scroll_interval_sd,Stage 1,-0.005648148148148209,0.0070770063730640756
18,tap_interval_sd,Stage 1,0.010333333333333295,0.010590196569208978
18,dwell_time_sd,Stage 1,0.013574074074074035,0.01553085561051009
18,idle_interval_sd,Stage 1,0.00405555555555552,0.0035374248381551078
18,session_fragmentation,Stage 1,7.407407407404495e-05,0.0049394134482365366
18,pst_fixation_duration,Stage 2,-0.0021666666666667095,0.003589966585123677
18,ast_saccade_time_max,Stage 2,0.00290740740740737,0.004064002702979132
18,mgst_saccade_degree_total,Stage 2,0.0009999999999999675,0.005507944131858152
18,mgst_saccade_degree_mean,Stage 2,0.004425925925925874,0.0036359072696543608
18,mgst_saccade_time_max,Stage 2,-0.0015740740740741203,0.005557561366300158
18,mgst_fixation_time_max,Stage 2,0.0025555555555555258,0.004863570806275391
18,mgst_fixation_mean,Stage 2,0.0017222222222221732,0.0037906914361084615
18,mgst_saccade_latency_total,Stage 2,0.002629629629629589,0.0016476278829285474
18,mgst_saccade_duration,Stage 2,-0.008703703703703733,0.009253331435822432
18,cdt_saccade_degree_sd,Stage 2,-0.0076851851851852315,0.0067404609221530755
18,stroop_saccade_degree_mean,Stage 2,-0.0029814814814815294,0.0019535939937600703
18,stroop_screen_duration_mean,Stage 2,0.00020370370370366894,0.001613238272205358
18,stroop_saccade_latency_total,Stage 2,-0.0007592592592592965,0.006004941951956325
19,questionnaire_latency_mean,Stage 1,0.005018518518518496,0.0052302604278048346
19,questionnaire_latency_sd,Stage 1,-0.001018518518518537,0.001259395417475498
19,questionnaire_interval_mean,Stage 1,0.026148148148148143,0.00955806742753186
19,questionnaire_interval_sd,Stage 1,-0.0030925925925926025,0.01285858773208197
19,social_notification_latency_mean,Stage 1,0.007703703703703694,0.004743922543359408
19,social_notification_latency_sd,Stage 1,0.0089074074074074,0.005364268564220187
19,ambient_light_sd,Stage 1,0.003444444444444424,0.0029235808699060494
19,fitbit_steps_active,Stage 1,0.0015740740740740832,0.0014563846474838547
19,active_session_duration,Stage 1,0.002870370370370364,0.004388732611688696
19,new_apps_added,Stage 1,0.0035370370370370386,0.003071451357757874
19,scroll_interval_sd,Stage 1,0.005129629629629632,0.006543119612701435
19,tap_interval_sd,Stage 1,0.0024074074074074098,0.005428800906894088
19,dwell_time_sd,Stage 1,0.032925925925925914,0.014649494249148314
19,idle_interval_sd,Stage 1,0.0022407407407407432,0.00576544862133145
19,session_fragmentation,Stage 1,-0.0005185185185185256,0.0015176149072998572
19,pst_fixation_duration,Stage 2,1.851851851850291e-05,0.0014450378648073743
19,ast_saccade_time_max,Stage 2,-0.0017037037037037183,0.001426767428463568
19,mgst_saccade_degree_total,Stage 2,0.003629629629629616,0.0016275238920533158
19,mgst_saccade_degree_mean,Stage 2,-0.001462962962962977,0.0016757980307246223
19,mgst_saccade_time_max,Stage 2,-0.0020740740740740763,0.002545605967028085
19,mgst_fixation_time_max,Stage 2,0.0031111111111110906,0.0042227095235363495
19,mgst_fixation_mean,Stage 2,0.0015555555555555323,0.00401745164195829
19,mgst_saccade_latency_total,Stage 2,0.008851851851851836,0.006136199902671187
19,mgst_saccade_duration,Stage 2,0.00035185185185185504,0.0020909531434278967
19,cdt_saccade_degree_sd,Stage 2,-0.0008148148148148201,0.0034358714498693714
19,stroop_saccade_degree_mean,Stage 2,-0.002888888888888904,0.0021773242158072857
19,stroop_screen_duration_mean,Stage 2,0.0002777777777777805,0.0013437096247164322
19,stroop_saccade_latency_total,Stage 2,-0.0003148148148148381,0.004658465751189622
20,questionnaire_latency_mean,Stage 1,0.016388888888888908,0.013008979171889317
20,questionnaire_latency_sd,Stage 1,0.0006111111111111289,0.0026111111111111036
20,questionnaire_interval_mean,Stage 1,0.03581481481481483,0.01783366985567643
20,questionnaire_interval_sd,Stage 1,0.01820370370370372,0.01534827729460894
20,social_notification_latency_mean,Stage 1,0.011222222222222229,0.0045097060391638315
20,social_notification_latency_sd,Stage 1,0.018388888888888903,0.011261345445130792
20,ambient_light_sd,Stage 1,-0.004925925925925897,0.008261085996292172
20,fitbit_steps_active,Stage 1,-0.0008703703703703658,0.0030987961731788844
20,active_session_duration,Stage 1,0.004148148148148164,0.01824937753791243
20,new_apps_added,Stage 1,-0.0027037037037036748,0.007685609091387869
20,scroll_interval_sd,Stage 1,-0.002259259259259246,0.005420456097716337
20,tap_interval_sd,Stage 1,-0.00194444444444443,0.013418516473967594
20,dwell_time_sd,Stage 1,0.01990740740740743,0.016277609235212227
20,idle_interval_sd,Stage 1,-0.00824074074074073,0.010254060054410203
20,session_fragmentation,Stage 1,-0.004351851851851837,0.00486882104634628
20,pst_fixation_duration,Stage 2,-0.0020000000000000018,0.003506607519568773
20,ast_saccade_time_max,Stage 2,0.001018518518518537,0.0029574601679006156
20,mgst_saccade_degree_total,Stage 2,0.0035370370370370495,0.006312316221231125
20,mgst_saccade_degree_mean,Stage 2,-0.005907407407407409,0.003968713377286939
20,mgst_saccade_time_max,Stage 2,0.0027962962962962894,0.001788643492101791
20,mgst_fixation_time_max,Stage 2,0.005129629629629647,0.005566070296533567
20,mgst_fixation_mean,Stage 2,-0.0013333333333333196,0.0014025256465749244
20,mgst_saccade_latency_total,Stage 2,0.005277777777777781,0.003969404595088045
20,mgst_saccade_duration,Stage 2,-0.0028518518518518537,0.0057676787332359
20,cdt_saccade_degree_sd,Stage 2,-0.0015555555555555286,0.00445923464986442
20,stroop_saccade_degree_mean,Stage 2,0.004351851851851855,0.003941661337749468
20,stroop_screen_duration_mean,Stage 2,0.0008518518518518629,0.001981048758565397
20,stroop_saccade_latency_total,Stage 2,-0.006981481481481466,0.005996712633957563
21,questionnaire_latency_mean,Stage 1,0.006037037037037045,0.004266660236620657
21,questionnaire_latency_sd,Stage 1,0.006537037037037052,0.0064846817496073085
21,questionnaire_interval_mean,Stage 1,0.013648148148148154,0.01081616239701625
21,questionnaire_interval_sd,Stage 1,0.011537037037037045,0.009566405697534553
21,social_notification_latency_mean,Stage 1,0.001777777777777778,0.003452797517895948
21,social_notification_latency_sd,Stage 1,-0.0013518518518518448,0.008239825167615318
21,ambient_light_sd,Stage 1,0.005574074074074087,0.004575573303558951
21,fitbit_steps_active,Stage 1,-0.0012962962962962806,0.004690708207107411
21,active_session_duration,Stage 1,0.003666666666666681,0.005864730320176298
21,new_apps_added,Stage 1,-0.0027222222222222183,0.005381246967947213
21,scroll_interval_sd,Stage 1,-0.004481481481481475,0.006426112709421125
21,tap_interval_sd,Stage 1,-0.00024074074074072657,0.008575113927824597
21,dwell_time_sd,Stage 1,0.002962962962962967,0.008309018023885985
21,idle_interval_sd,Stage 1,-0.004111111111111106,0.005179096954826155
21,session_fragmentation,Stage 1,-0.0003148148148147863,0.0026359470281577713
21,pst_fixation_duration,Stage 2,-0.00022222222222220516,0.0016075951417933894
21,ast_saccade_time_max,Stage 2,-0.0015370370370370256,0.004196028235039121
21,mgst_saccade_degree_total,Stage 2,0.00711111111111112,0.00239340658094867
21,mgst_saccade_degree_mean,Stage 2,0.0009074074074074197,0.0023634882732009267
21,mgst_saccade_time_max,Stage 2,-0.001481481481481454,0.002388817110606984
21,mgst_fixation_time_max,Stage 2,0.00542592592592593,0.008455503641897072
21,mgst_fixation_mean,Stage 2,-0.0001481481481481417,0.002807006714295759
21,mgst_saccade_latency_total,Stage 2,-0.0008518518518518481,0.003360179954681947
21,mgst_saccade_duration,Stage 2,-0.003166666666666655,0.007095976371045494
21,cdt_saccade_degree_sd,Stage 2,-0.0005925925925925705,0.006601429782362888
21,stroop_saccade_degree_mean,Stage 2,-0.006481481481481469,0.004368172705449779
21,stroop_screen_duration_mean,Stage 2,0.00038888888888890155,0.0016798858475817146
21,stroop_saccade_latency_total,Stage 2,0.0020555555555555735,0.005357871790501987
22,questionnaire_latency_mean,Stage 1,0.010370370370370334,0.00841238227751153
22,questionnaire_latency_sd,Stage 1,0.004851851851851807,0.004513202701880104
22,questionnaire_interval_mean,Stage 1,0.024462962962962957,0.01328578197711689
22,questionnaire_interval_sd,Stage 1,0.008277777777777736,0.005768778604207488
22,social_notification_latency_mean,Stage 1,0.007666666666666637,0.004957431964963601
22,social_notification_latency_sd,Stage 1,0.018296296296296265,0.006651113544772753
22,ambient_light_sd,Stage 1,0.010222222222222207,0.004780361058733103
22,fitbit_steps_active,Stage 1,0.0049259259259259005,0.0036053610440408648
22,active_session_duration,Stage 1,0.009499999999999982,0.005678908345800268
22,new_apps_added,Stage 1,0.004129629629629591,0.0032224882819062973
22,scroll_interval_sd,Stage 1,0.011925925925925911,0.005026131986277741
22,tap_interval_sd,Stage 1,0.01418518518518516,0.006716991128598684
22,dwell_time_sd,Stage 1,0.027796296296296277,0.018072489684653872
22,idle_interval_sd,Stage 1,0.016537037037037013,0.00895540314792351
22,session_fragmentation,Stage 1,0.0015370370370370145,0.0016335180881481806
22,pst_fixation_duration,Stage 2,0.00035185185185181064,0.0009884448996357186
22,ast_saccade_time_max,Stage 2,-0.00020370370370372814,0.0026969092709826586
22,mgst_saccade_degree_total,Stage 2,0.009222222222222203,0.00663666086896957
22,mgst_saccade_degree_mean,Stage 2,0.0010925925925925597,0.0011338718159141967
22,mgst_saccade_time_max,Stage 2,0.004833333333333289,0.002851430945370074
22,mgst_fixation_time_max,Stage 2,0.0047962962962962655,0.004489318216848309
22,mgst_fixation_mean,Stage 2,0.014851851851851809,0.0045608220085517305
22,mgst_saccade_latency_total,Stage 2,0.0056111111111110815,0.004019883707344777
22,mgst_saccade_duration,Stage 2,0.004555555555555527,0.003176560243317276
22,cdt_saccade_degree_sd,Stage 2,0.0047222222222222015,0.008405551271693599
22,stroop_saccade_degree_mean,Stage 2,0.007944444444444414,0.0027410535357042403
22,stroop_screen_duration_mean,Stage 2,0.0010370370370370067,0.0017611101374768528
22,stroop_saccade_latency_total,Stage 2,0.0067222222222221885,0.0028267898296018873
23,questionnaire_latency_mean,Stage 1,0.017148148148148048,0.012486810599888024
23,questionnaire_latency_sd,Stage 1,0.002796296296296208,0.0025799293915328074
23,questionnaire_interval_mean,Stage 1,0.031037037037036953,0.011788371662243608
23,questionnaire_interval_sd,Stage 1,0.016129629629629532,0.0057134656721015255
23,social_notification_latency_mean,Stage 1,0.005129629629629536,0.0035009796786845924
23,social_notification_latency_sd,Stage 1,0.015314814814814719,0.010586390958460654
23,ambient_light_sd,Stage 1,0.014796296296296193,0.004126306585272758
23,fitbit_steps_active,Stage 1,0.002185185185185112,0.0015709118563295198
23,active_session_duration,Stage 1,-0.0046296296296297135,0.010411624293978232
23,new_apps_added,Stage 1,0.0006296296296295578,0.005205120408179696
23,scroll_interval_sd,Stage 1,0.0073333333333332395,0.004192880503136276
23,tap_interval_sd,Stage 1,0.008962962962962876,0.009825361210057044
23,dwell_time_sd,Stage 1,0.025592592592592507,0.008313474279465619
23,idle_interval_sd,Stage 1,0.007425925925925828,0.004562062501338401
23,session_fragmentation,Stage 1,0.0016296296296295476,0.001258169463071336
23,pst_fixation_duration,Stage 2,0.0005185185185184368,0.0024128144407262538
23,ast_saccade_time_max,Stage 2,-0.0007037037037038026,0.0026173421843044137
23,mgst_saccade_degree_total,Stage 2,0.006777777777777672,0.002551526614762933
23,mgst_saccade_degree_mean,Stage 2,0.00024074074074065255,0.0019387924911478116
23,mgst_saccade_time_max,Stage 2,0.006148148148148058,0.003469245637732296
23,mgst_fixation_time_max,Stage 2,0.0003148148148147308,0.005129362207229006
23,mgst_fixation_mean,Stage 2,0.002351851851851768,0.0024997256365224354
23,mgst_saccade_latency_total,Stage 2,0.008111111111111013,0.006558693536471268
23,mgst_saccade_duration,Stage 2,0.01674074074074063,0.0065541952972514635
23,cdt_saccade_degree_sd,Stage 2,0.0036296296296295344,0.004912261750017587
23,stroop_saccade_degree_mean,Stage 2,0.0020925925925925127,0.0014815972177014644
23,stroop_screen_duration_mean,Stage 2,0.0019074074074073393,0.001214481661634785
23,stroop_saccade_latency_total,Stage 2,0.0024259259259258427,0.006733436213205808
24,questionnaire_latency_mean,Stage 1,0.009037037037037055,0.00771126765415514
24,questionnaire_latency_sd,Stage 1,0.002259259259259283,0.001583955909655058
24,questionnaire_interval_mean,Stage 1,0.031537037037037065,0.014241222358565932
24,questionnaire_interval_sd,Stage 1,0.012240740740740741,0.005855747648358989
24,social_notification_latency_mean,Stage 1,0.0035740740740740997,0.004392481729910715
24,social_notification_latency_sd,Stage 1,0.023981481481481486,0.008778344254263718
24,ambient_light_sd,Stage 1,0.004462962962962984,0.0016448156070953078
24,fitbit_steps_active,Stage 1,0.0004629629629629761,0.002785483140090992
24,active_session_duration,Stage 1,0.0030370370370370677,0.006968083223774184
24,new_apps_added,Stage 1,-0.008037037037037032,0.0027469898727094377
24,scroll_interval_sd,Stage 1,0.003537037037037068,0.004278098432747223
24,tap_interval_sd,Stage 1,0.008944444444444461,0.0038123418809550636
24,dwell_time_sd,Stage 1,0.010037037037037056,0.00925844440858943
24,idle_interval_sd,Stage 1,0.01390740740740742,0.00679730540495098
24,session_fragmentation,Stage 1,0.0018518518518518786,0.001612281397013247
24,pst_fixation_duration,Stage 2,0.002240740740740784,0.0016757980307246186
24,ast_saccade_time_max,Stage 2,-0.0005185185185185107,0.0025007543443547713
24,mgst_saccade_degree_total,Stage 2,0.0035370370370370607,0.004294899198128525
24,mgst_saccade_degree_mean,Stage 2,0.0033703703703703977,0.0013976268343787613
24,mgst_saccade_time_max,Stage 2,0.0016111111111111187,0.005567302395871634
24,mgst_fixation_time_max,Stage 2,0.001222222222222243,0.004824918174533785
24,mgst_fixation_mean,Stage 2,0.001740740740740765,0.0038402603363968863
24,mgst_saccade_latency_total,Stage 2,-0.0017407407407407168,0.004436876272361177
24,mgst_saccade_duration,Stage 2,0.005537037037037055,0.003578868402132237
24,cdt_saccade_degree_sd,Stage 2,0.0012962962962963288,0.002397415160397383
24,stroop_saccade_degree_mean,Stage 2,0.0005185185185185293,0.0015243789353523443
24,stroop_screen_duration_mean,Stage 2,-0.0001666666666666483,0.0011217087200672436
24,stroop_saccade_latency_total,Stage 2,0.0007222222222222315,0.0019038081827505206
25,questionnaire_latency_mean,Stage 1,0.01385185185185186,0.012768058568784534
25,questionnaire_latency_sd,Stage 1,-0.0002962962962962945,0.002678727867924941
25,questionnaire_interval_mean,Stage 1,0.01911111111111113,0.011950343074091112
25,questionnaire_interval_sd,Stage 1,0.01201851851851854,0.01068678978901117
25,social_notification_latency_mean,Stage 1,-0.0018148148148148025,0.003345451224535744
25,social_notification_latency_sd,Stage 1,0.02092592592592592,0.006210195608228082
25,ambient_light_sd,Stage 1,0.0024259259259259425,0.0016196029928952833
25,fitbit_steps_active,Stage 1,0.0019814814814814877,0.0014104499277281105
25,active_session_duration,Stage 1,0.009351851851851837,0.003043184834494917
25,new_apps_added,Stage 1,-0.0007037037037036953,0.0029289716918174127
25,scroll_interval_sd,Stage 1,0.007240740740740744,0.004507614347481838
25,tap_interval_sd,Stage 1,0.018648148148148174,0.0071846362906035615
25,dwell_time_sd,Stage 1,0.027500000000000007,0.009386258671688734
25,idle_interval_sd,Stage 1,0.0026111111111111196,0.0040778181449208015
25,session_fragmentation,Stage 1,-0.0006666666666666561,0.0018448013933944018
25,pst_fixation_duration,Stage 2,0.0015000000000000198,0.0007744638394935687
25,ast_saccade_time_max,Stage 2,0.00024074074074073026,0.0018849814340885962
25,mgst_saccade_degree_total,Stage 2,0.00496296296296298,0.0029569383194388258
25,mgst_saccade_degree_mean,Stage 2,0.0014074074074074386,0.001467994161674538
25,mgst_saccade_time_max,Stage 2,0.0037222222222222526,0.0014986276300877985
25,mgst_fixation_time_max,Stage 2,0.005833333333333331,0.006568333435143683
25,mgst_fixation_mean,Stage 2,0.001537037037037048,0.00269767211540794
25,mgst_saccade_latency_total,Stage 2,-0.0019259259259259123,0.001755258609047826
25,mgst_saccade_duration,Stage 2,0.006629629629629644,0.002939490358298456
25,cdt_saccade_degree_sd,Stage 2,0.0010555555555555615,0.003318950451387502
25,stroop_saccade_degree_mean,Stage 2,0.004055555555555579,0.0027070628549059547
25,stroop_screen_duration_mean,Stage 2,0.002666666666666684,0.0010081968584308148
25,stroop_saccade_latency_total,Stage 2,0.0014629629629629695,0.001805816695265574
26,questionnaire_latency_mean,Stage 1,0.0024074074074074024,0.003030480728048387
26,questionnaire_latency_sd,Stage 1,0.0022222222222222144,0.003093202423794469
26,questionnaire_interval_mean,Stage 1,0.022685185185185204,0.010984541451131792
26,questionnaire_interval_sd,Stage 1,0.008166666666666662,0.004140411104615837
26,social_notification_latency_mean,Stage 1,0.012574074074074074,0.00365566062365422
26,social_notification_latency_sd,Stage 1,0.01468518518518518,0.006925059363494911
26,ambient_light_sd,Stage 1,0.0016296296296296328,0.00420888080617682
26,fitbit_steps_active,Stage 1,-0.0010370370370370548,0.0017958189514667628
26,active_session_duration,Stage 1,0.005185185185185163,0.004379933040934816
26,new_apps_added,Stage 1,0.0003148148148147826,0.001996310039119876
26,scroll_interval_sd,Stage 1,-0.0023148148148148325,0.002744554403755086
26,tap_interval_sd,Stage 1,0.006777777777777783,0.006006512240927491
26,dwell_time_sd,Stage 1,0.010074074074074065,0.006304569727689849
26,idle_interval_sd,Stage 1,0.0037407407407407333,0.004319858759058749
26,session_fragmentation,Stage 1,-0.00094444444444447,0.0016614114679523366
26,pst_fixation_duration,Stage 2,0.0001666666666666483,0.0011399046960379575
26,ast_saccade_time_max,Stage 2,0.002092592592592583,0.002173935259622865
26,mgst_saccade_degree_total,Stage 2,0.005351851851851841,0.002415158462255666
26,mgst_saccade_degree_mean,Stage 2,0.0010925925925925673,0.001195699885730215
26,mgst_saccade_time_max,Stage 2,0.0025000000000000022,0.0029000851413640365
26,mgst_fixation_time_max,Stage 2,0.009259259259259245,0.003680482761916999
26,mgst_fixation_mean,Stage 2,0.003037037037037038,0.004271480052409765
26,mgst_saccade_latency_total,Stage 2,0.0033703703703703717,0.002879376551937297
26,mgst_saccade_duration,Stage 2,0.00470370370370371,0.002225614694455338
26,cdt_saccade_degree_sd,Stage 2,0.0008518518518518407,0.004420615130774296
26,stroop_saccade_degree_mean,Stage 2,0.0020740740740740615,0.0021417529325631086
26,stroop_screen_duration_mean,Stage 2,0.0013703703703703588,0.0017900808849769794
26,stroop_saccade_latency_total,Stage 2,0.002388888888888881,0.0018600743380870262
27,questionnaire_latency_mean,Stage 1,0.008907407407407412,0.004945137973278402
27,questionnaire_latency_sd,Stage 1,0.004759259259259256,0.002824362462506521
27,questionnaire_interval_mean,Stage 1,0.016370370370370386,0.012227047307958542
27,questionnaire_interval_sd,Stage 1,0.010555555555555563,0.0051858465186723594
27,social_notification_latency_mean,Stage 1,0.011129629629629626,0.002798012718246235
27,social_notification_latency_sd,Stage 1,0.0008888888888888984,0.003916830834489566
27,ambient_light_sd,Stage 1,0.006944444444444446,0.004530986138904705
27,fitbit_steps_active,Stage 1,0.0007037037037036915,0.0023654462743460322
27,active_session_duration,Stage 1,0.005666666666666645,0.008156645400992422
27,new_apps_added,Stage 1,-0.0005185185185185256,0.0027996668428095306
27,scroll_interval_sd,Stage 1,0.0049444444444444475,0.004716990566028288
27,tap_interval_sd,Stage 1,0.010296296296296303,0.004469221061870059
27,dwell_time_sd,Stage 1,0.007870370370370364,0.006267499506867709
27,idle_interval_sd,Stage 1,0.007277777777777783,0.004812000602061345
27,session_fragmentation,Stage 1,-0.0019629629629629663,0.002320659288566009
27,pst_fixation_duration,Stage 2,0.0004999999999999856,0.0022005891467042635
27,ast_saccade_time_max,Stage 2,-0.000333333333333341,0.0026317153960726605
27,mgst_saccade_degree_total,Stage 2,0.004722222222222209,0.0026323017201071424
27,mgst_saccade_degree_mean,Stage 2,0.0016851851851851969,0.0032693971120062093
27,mgst_saccade_time_max,Stage 2,0.003037037037037038,0.0030284431254458703
27,mgst_fixation_time_max,Stage 2,0.0013333333333333383,0.0022752922301344674
27,mgst_fixation_mean,Stage 2,0.00501851851851853,0.0025639288481831683
27,mgst_saccade_latency_total,Stage 2,0.0026666666666666913,0.003189488909868287
27,mgst_saccade_duration,Stage 2,0.005074074074074097,0.0029908410715885065
27,cdt_saccade_degree_sd,Stage 2,-0.005777777777777771,0.005688411438297873
27,stroop_saccade_degree_mean,Stage 2,0.0006111111111111104,0.001735314632113717
27,stroop_screen_duration_mean,Stage 2,-0.0010555555555555652,0.0009765775461803908
27,stroop_saccade_latency_total,Stage 2,0.0021851851851851976,0.0028470377838485422
28,questionnaire_latency_mean,Stage 1,0.01099999999999995,0.009327599649767208
28,questionnaire_latency_sd,Stage 1,0.002111111111111071,0.0028523328117763228
28,questionnaire_interval_mean,Stage 1,0.015388888888888844,0.010217943951736256
28,questionnaire_interval_sd,Stage 1,0.0337592592592592,0.011442002016731678
28,social_notification_latency_mean,Stage 1,0.00294444444444439,0.0034994120611414907
28,social_notification_latency_sd,Stage 1,0.0024444444444444045,0.003453393392871114
28,ambient_light_sd,Stage 1,0.005518518518518456,0.003032516961549438
28,fitbit_steps_active,Stage 1,0.0012962962962962583,0.0018721114009037038
28,active_session_duration,Stage 1,7.407407407402644e-05,0.005115403457961346
28,new_apps_added,Stage 1,-0.00014814814814820832,0.002537510093771928
28,scroll_interval_sd,Stage 1,0.005074074074074038,0.0035738341888408745
28,tap_interval_sd,Stage 1,0.017407407407407375,0.008020464223776806
28,dwell_time_sd,Stage 1,0.011351851851851799,0.008325531327145827
28,idle_interval_sd,Stage 1,0.00362962962962959,0.0025689397235347973
28,session_fragmentation,Stage 1,0.001703703703703648,0.0024508893713430574
28,pst_fixation_duration,Stage 2,0.0009259259259258708,0.001861088077985356
28,ast_saccade_time_max,Stage 2,0.001981481481481425,0.0022161181598048334
28,mgst_saccade_degree_total,Stage 2,-0.001074074074074105,0.005663639956626727
28,mgst_saccade_degree_mean,Stage 2,-0.0011296296296296729,0.0014235188919242637
28,mgst_saccade_time_max,Stage 2,-0.0025185185185185605,0.004278699596045065
28,mgst_fixation_time_max,Stage 2,0.017611111111111074,0.007755457390867657
28,mgst_fixation_mean,Stage 2,0.0025185185185184755,0.0016895547745121593
28,mgst_saccade_latency_total,Stage 2,0.0026666666666666137,0.0032533616675552023
28,mgst_saccade_duration,Stage 2,0.009907407407407368,0.0033366752794419504
28,cdt_saccade_degree_sd,Stage 2,-0.0044814814814815385,0.0063423154846197274
28,stroop_saccade_degree_mean,Stage 2,-6.29126380620922e-17,0.0016789669565397168
28,stroop_screen_duration_mean,Stage 2,-0.0006851851851852405,0.0036814609880940737
28,stroop_saccade_latency_total,Stage 2,-0.00048148148148155305,0.002949273933573098
29,questionnaire_latency_mean,Stage 1,0.016111111111111052,0.0062968409350496425
29,questionnaire_latency_sd,Stage 1,0.0016481481481480874,0.0011155774430984483
29,questionnaire_interval_mean,Stage 1,0.02168518518518512,0.015413026486045284
29,questionnaire_interval_sd,Stage 1,0.018740740740740676,0.009325981819618936
29,social_notification_latency_mean,Stage 1,0.005370370370370321,0.002730461203046893
29,social_notification_latency_sd,Stage 1,0.019777777777777714,0.010975655815309234
29,ambient_light_sd,Stage 1,0.001592592592592527,0.001061225835695888
29,fitbit_steps_active,Stage 1,0.0012407407407406608,0.0018069557723523115
29,active_session_duration,Stage 1,0.0012962962962962251,0.0016313122626329744
29,new_apps_added,Stage 1,0.0017037037037036296,0.0019134209411984283
29,scroll_interval_sd,Stage 1,0.011981481481481416,0.005617585801142364
29,tap_interval_sd,Stage 1,0.00881481481481476,0.0040259787382818405
29,dwell_time_sd,Stage 1,0.02049999999999994,0.008846368206935264
29,idle_interval_sd,Stage 1,0.00775925925925918,0.00425640000647133
29,session_fragmentation,Stage 1,0.00038888888888883867,0.0006596856715020944
29,pst_fixation_duration,Stage 2,0.002314814814814755,0.0020988108201337686
29,ast_saccade_time_max,Stage 2,0.0006111111111110475,0.0011859083441915124
29,mgst_saccade_degree_total,Stage 2,0.0014074074074073276,0.0011805464778154916
29,mgst_saccade_degree_mean,Stage 2,0.009462962962962885,0.004118819933015234
29,mgst_saccade_time_max,Stage 2,-0.0010370370370371067,0.0015094580646159105
29,mgst_fixation_time_max,Stage 2,0.0014999999999999348,0.0035140810224152303
29,mgst_fixation_mean,Stage 2,-0.0001481481481482268,0.002777530853222631
29,mgst_saccade_latency_total,Stage 2,0.002981481481481411,0.0021395902329379465
29,mgst_saccade_duration,Stage 2,0.0017592592592592011,0.001636035389892949
29,cdt_saccade_degree_sd,Stage 2,3.7037037036961413e-05,0.002504864950949782
29,stroop_saccade_degree_mean,Stage 2,-0.0003148148148148677,0.002121239511340461
29,stroop_screen_duration_mean,Stage 2,0.00012962962962954628,0.0003104269373007636
29,stroop_saccade_latency_total,Stage 2,0.0005925925925925409,0.00241281444072627
30,questionnaire_latency_mean,Stage 1,0.007629629629629679,0.008907311156791132
30,questionnaire_latency_sd,Stage 1,0.005481481481481558,0.0032764697117920725
30,questionnaire_interval_mean,Stage 1,0.013240740740740798,0.01165085642424544
30,questionnaire_interval_sd,Stage 1,0.0025000000000000504,0.006730787319651886
30,social_notification_latency_mean,Stage 1,0.01140740740740747,0.0045468148606721565
30,social_notification_latency_sd,Stage 1,0.02118518518518525,0.010201401232459403
30,ambient_light_sd,Stage 1,0.011462962962963015,0.0031540793799861365
30,fitbit_steps_active,Stage 1,-0.0007037037037036694,0.001869911935016942
30,active_session_duration,Stage 1,-0.002555555555555511,0.006893666204919993
30,new_apps_added,Stage 1,-0.0017222222222221732,0.003908284963769228
30,scroll_interval_sd,Stage 1,0.002740740740740792,0.0037376224626793735
30,tap_interval_sd,Stage 1,0.0058703703703704225,0.006320785707615087
30,dwell_time_sd,Stage 1,0.029351851851851914,0.012675178534901672
30,idle_interval_sd,Stage 1,0.0037037037037037424,0.00390297273358682
30,session_fragmentation,Stage 1,0.006814814814814866,0.0033607922509705716
30,pst_fixation_duration,Stage 2,0.002666666666666728,0.0025067809272618894
30,ast_saccade_time_max,Stage 2,-0.00012962962962957217,0.003977000061912922
30,mgst_saccade_degree_total,Stage 2,0.0008333333333333859,0.004183914917027104
30,mgst_saccade_degree_mean,Stage 2,-0.000999999999999938,0.0011863420280034862
30,mgst_saccade_time_max,Stage 2,0.004851851851851903,0.003803110415701756
30,mgst_fixation_time_max,Stage 2,0.001796296296296355,0.004036060024486998
30,mgst_fixation_mean,Stage 2,0.007796296296296349,0.0047844125623246175
30,mgst_saccade_latency_total,Stage 2,-0.002462962962962904,0.0057425624349776005
30,mgst_saccade_duration,Stage 2,0.008333333333333378,0.005618165715625562
30,cdt_saccade_degree_sd,Stage 2,-0.003444444444444387,0.003871389197818741
30,stroop_saccade_degree_mean,Stage 2,0.0014629629629630213,0.004493899232904629
30,stroop_screen_duration_mean,Stage 2,0.0003888888888889349,0.0023620368555541038
30,stroop_saccade_latency_total,Stage 2,0.004018518518518562,0.0037861653438504192
