split,model,configuration,stage2_usage,n_stage2,accuracy,auc,f1,precision,recall,specificity,tn,fp,fn,tp
1,Logistic Regression,Stage 1 only,0.0,0,0.9333333333333333,0.9488888888888889,0.9285714285714286,1.0,0.8666666666666667,1.0,30,0,4,26
1,Logistic Regression,Stage 1 + Stage 2,1.0,60,0.9166666666666666,0.9433333333333334,0.9090909090909091,1.0,0.8333333333333334,1.0,30,0,5,25
1,Logistic Regression,Cascade,0.13333333333333333,8,0.9333333333333333,0.9488888888888889,0.9285714285714286,1.0,0.8666666666666667,1.0,30,0,4,26
1,Random Forest,Stage 1 only,0.0,0,0.9166666666666666,0.9433333333333334,0.9122807017543859,0.9629629629629629,0.8666666666666667,0.9666666666666667,29,1,4,26
1,Random Forest,Stage 1 + Stage 2,1.0,60,0.9333333333333333,0.9766666666666666,0.9285714285714286,1.0,0.8666666666666667,1.0,30,0,4,26
1,Random Forest,Cascade,0.36666666666666664,22,0.9333333333333333,0.9555555555555555,0.9285714285714286,1.0,0.8666666666666667,1.0,30,0,4,26
1,XGBoost,Stage 1 only,0.0,0,0.8833333333333333,0.9266666666666666,0.8771929824561403,0.9259259259259259,0.8333333333333334,0.9333333333333333,28,2,5,25
1,XGBoost,Stage 1 + Stage 2,1.0,60,0.9166666666666666,0.9522222222222223,0.9122807017543859,0.9629629629629629,0.8666666666666667,0.9666666666666667,29,1,4,26
1,XGBoost,Cascade,0.13333333333333333,8,0.9166666666666666,0.9333333333333333,0.9122807017543859,0.9629629629629629,0.8666666666666667,0.9666666666666667,29,1,4,26
2,Logistic Regression,Stage 1 only,0.0,0,0.9,0.971111111111111,0.9032258064516129,0.875,0.9333333333333333,0.8666666666666667,26,4,2,28
2,Logistic Regression,Stage 1 + Stage 2,1.0,60,0.95,0.96,0.9491525423728814,0.9655172413793104,0.9333333333333333,0.9666666666666667,29,1,2,28
2,Logistic Regression,Cascade,0.23333333333333334,14,0.9166666666666666,0.9466666666666668,0.9152542372881356,0.9310344827586207,0.9,0.9333333333333333,28,2,3,27
2,Random Forest,Stage 1 only,0.0,0,0.9333333333333333,0.9761111111111112,0.9333333333333333,0.9333333333333333,0.9333333333333333,0.9333333333333333,28,2,2,28
2,Random Forest,Stage 1 + Stage 2,1.0,60,0.9666666666666667,0.9811111111111112,0.9666666666666667,0.9666666666666667,0.9666666666666667,0.9666666666666667,29,1,1,29
2,Random Forest,Cascade,0.43333333333333335,26,0.9666666666666667,0.9833333333333334,0.9666666666666667,0.9666666666666667,0.9666666666666667,0.9666666666666667,29,1,1,29
2,XGBoost,Stage 1 only,0.0,0,0.8166666666666667,0.9377777777777778,0.8135593220338984,0.8275862068965517,0.8,0.8333333333333334,25,5,6,24
2,XGBoost,Stage 1 + Stage 2,1.0,60,0.8666666666666667,0.9455555555555556,0.8666666666666667,0.8666666666666667,0.8666666666666667,0.8666666666666667,26,4,4,26
2,XGBoost,Cascade,0.18333333333333332,11,0.85,0.9377777777777778,0.847457627118644,0.8620689655172413,0.8333333333333334,0.8666666666666667,26,4,5,25
3,Logistic Regression,Stage 1 only,0.0,0,0.9666666666666667,0.9877777777777778,0.9666666666666667,0.9666666666666667,0.9666666666666667,0.9666666666666667,29,1,1,29
3,Logistic Regression,Stage 1 + Stage 2,1.0,60,0.9166666666666666,0.9733333333333334,0.9230769230769231,0.8571428571428571,1.0,0.8333333333333334,25,5,0,30
3,Logistic Regression,Cascade,0.21666666666666667,13,0.9333333333333333,0.9611111111111111,0.9354838709677419,0.90625,0.9666666666666667,0.9,27,3,1,29
3,Random Forest,Stage 1 only,0.0,0,0.9,0.9622222222222222,0.896551724137931,0.9285714285714286,0.8666666666666667,0.9333333333333333,28,2,4,26
3,Random Forest,Stage 1 + Stage 2,1.0,60,0.95,0.9705555555555556,0.9523809523809523,0.9090909090909091,1.0,0.9,27,3,0,30
3,Random Forest,Cascade,0.4666666666666667,28,0.95,0.9777777777777777,0.9523809523809523,0.9090909090909091,1.0,0.9,27,3,0,30
3,XGBoost,Stage 1 only,0.0,0,0.8333333333333334,0.9288888888888889,0.8214285714285714,0.8846153846153846,0.7666666666666667,0.9,27,3,7,23
3,XGBoost,Stage 1 + Stage 2,1.0,60,0.8666666666666667,0.94,0.8666666666666667,0.8666666666666667,0.8666666666666667,0.8666666666666667,26,4,4,26
3,XGBoost,Cascade,0.16666666666666666,10,0.85,0.9333333333333333,0.8421052631578947,0.8888888888888888,0.8,0.9,27,3,6,24
4,Logistic Regression,Stage 1 only,0.0,0,0.8666666666666667,0.9322222222222222,0.8666666666666667,0.8666666666666667,0.8666666666666667,0.8666666666666667,26,4,4,26
4,Logistic Regression,Stage 1 + Stage 2,1.0,60,0.9,0.9544444444444444,0.896551724137931,0.9285714285714286,0.8666666666666667,0.9333333333333333,28,2,4,26
4,Logistic Regression,Cascade,0.16666666666666666,10,0.9166666666666666,0.9588888888888889,0.9152542372881356,0.9310344827586207,0.9,0.9333333333333333,28,2,3,27
4,Random Forest,Stage 1 only,0.0,0,0.9,0.9461111111111111,0.9,0.9,0.9,0.9,27,3,3,27
4,Random Forest,Stage 1 + Stage 2,1.0,60,0.9166666666666666,0.9488888888888889,0.9152542372881356,0.9310344827586207,0.9,0.9333333333333333,28,2,3,27
4,Random Forest,Cascade,0.5333333333333333,32,0.9166666666666666,0.941111111111111,0.9152542372881356,0.9310344827586207,0.9,0.9333333333333333,28,2,3,27
4,XGBoost,Stage 1 only,0.0,0,0.7833333333333333,0.8922222222222222,0.7719298245614035,0.8148148148148148,0.7333333333333333,0.8333333333333334,25,5,8,22
4,XGBoost,Stage 1 + Stage 2,1.0,60,0.8666666666666667,0.9233333333333333,0.8571428571428571,0.9230769230769231,0.8,0.9333333333333333,28,2,6,24
4,XGBoost,Cascade,0.3,18,0.8666666666666667,0.9555555555555555,0.8571428571428571,0.9230769230769231,0.8,0.9333333333333333,28,2,6,24
5,Logistic Regression,Stage 1 only,0.0,0,0.9,0.9733333333333334,0.9,0.9,0.9,0.9,27,3,3,27
5,Logistic Regression,Stage 1 + Stage 2,1.0,60,0.9,0.9366666666666668,0.896551724137931,0.9285714285714286,0.8666666666666667,0.9333333333333333,28,2,4,26
5,Logistic Regression,Cascade,0.11666666666666667,7,0.9166666666666666,0.9811111111111112,0.9152542372881356,0.9310344827586207,0.9,0.9333333333333333,28,2,3,27
5,Random Forest,Stage 1 only,0.0,0,0.9666666666666667,0.995,0.9666666666666667,0.9666666666666667,0.9666666666666667,0.9666666666666667,29,1,1,29
5,Random Forest,Stage 1 + Stage 2,1.0,60,0.9333333333333333,0.991111111111111,0.9333333333333333,0.9333333333333333,0.9333333333333333,0.9333333333333333,28,2,2,28
5,Random Forest,Cascade,0.36666666666666664,22,0.9333333333333333,0.9911111111111112,0.9333333333333333,0.9333333333333333,0.9333333333333333,0.9333333333333333,28,2,2,28
5,XGBoost,Stage 1 only,0.0,0,0.8666666666666667,0.9677777777777777,0.8666666666666667,0.8666666666666667,0.8666666666666667,0.8666666666666667,26,4,4,26
5,XGBoost,Stage 1 + Stage 2,1.0,60,0.8166666666666667,0.9288888888888889,0.8135593220338984,0.8275862068965517,0.8,0.8333333333333334,25,5,6,24
5,XGBoost,Cascade,0.16666666666666666,10,0.8666666666666667,0.9644444444444444,0.8666666666666667,0.8666666666666667,0.8666666666666667,0.8666666666666667,26,4,4,26
6,Logistic Regression,Stage 1 only,0.0,0,0.9166666666666666,0.9644444444444444,0.9090909090909091,1.0,0.8333333333333334,1.0,30,0,5,25
6,Logistic Regression,Stage 1 + Stage 2,1.0,60,0.8666666666666667,0.9277777777777777,0.8518518518518519,0.9583333333333334,0.7666666666666667,0.9666666666666667,29,1,7,23
6,Logistic Regression,Cascade,0.25,15,0.9166666666666666,0.9488888888888889,0.9122807017543859,0.9629629629629629,0.8666666666666667,0.9666666666666667,29,1,4,26
6,Random Forest,Stage 1 only,0.0,0,0.9333333333333333,0.9855555555555555,0.9310344827586207,0.9642857142857143,0.9,0.9666666666666667,29,1,3,27
6,Random Forest,Stage 1 + Stage 2,1.0,60,0.9166666666666666,0.9916666666666667,0.9152542372881356,0.9310344827586207,0.9,0.9333333333333333,28,2,3,27
6,Random Forest,Cascade,0.45,27,0.9166666666666666,0.9916666666666667,0.9152542372881356,0.9310344827586207,0.9,0.9333333333333333,28,2,3,27
6,XGBoost,Stage 1 only,0.0,0,0.85,0.9233333333333333,0.8421052631578947,0.8888888888888888,0.8,0.9,27,3,6,24
6,XGBoost,Stage 1 + Stage 2,1.0,60,0.8333333333333334,0.9511111111111112,0.8148148148148148,0.9166666666666666,0.7333333333333333,0.9333333333333333,28,2,8,22
6,XGBoost,Cascade,0.18333333333333332,11,0.8333333333333334,0.9555555555555556,0.8076923076923077,0.9545454545454546,0.7,0.9666666666666667,29,1,9,21
7,Logistic Regression,Stage 1 only,0.0,0,0.95,0.9877777777777778,0.9523809523809523,0.9090909090909091,1.0,0.9,27,3,0,30
7,Logistic Regression,Stage 1 + Stage 2,1.0,60,0.95,0.9811111111111112,0.9508196721311475,0.9354838709677419,0.9666666666666667,0.9333333333333333,28,2,1,29
7,Logistic Regression,Cascade,0.16666666666666666,10,0.95,0.9833333333333334,0.9508196721311475,0.9354838709677419,0.9666666666666667,0.9333333333333333,28,2,1,29
7,Random Forest,Stage 1 only,0.0,0,0.9166666666666666,0.9838888888888889,0.9230769230769231,0.8571428571428571,1.0,0.8333333333333334,25,5,0,30
7,Random Forest,Stage 1 + Stage 2,1.0,60,0.9666666666666667,0.9994444444444444,0.967741935483871,0.9375,1.0,0.9333333333333333,28,2,0,30
7,Random Forest,Cascade,0.3,18,0.9666666666666667,0.9938888888888889,0.967741935483871,0.9375,1.0,0.9333333333333333,28,2,0,30
7,XGBoost,Stage 1 only,0.0,0,0.8833333333333333,0.95,0.8923076923076924,0.8285714285714286,0.9666666666666667,0.8,24,6,1,29
7,XGBoost,Stage 1 + Stage 2,1.0,60,0.9333333333333333,0.9722222222222223,0.9354838709677419,0.90625,0.9666666666666667,0.9,27,3,1,29
7,XGBoost,Cascade,0.11666666666666667,7,0.9,0.9655555555555555,0.90625,0.8529411764705882,0.9666666666666667,0.8333333333333334,25,5,1,29
8,Logistic Regression,Stage 1 only,0.0,0,0.95,0.9855555555555556,0.9508196721311475,0.9354838709677419,0.9666666666666667,0.9333333333333333,28,2,1,29
8,Logistic Regression,Stage 1 + Stage 2,1.0,60,0.95,0.9788888888888888,0.9491525423728814,0.9655172413793104,0.9333333333333333,0.9666666666666667,29,1,2,28
8,Logistic Regression,Cascade,0.18333333333333332,11,0.95,0.9722222222222222,0.9491525423728814,0.9655172413793104,0.9333333333333333,0.9666666666666667,29,1,2,28
8,Random Forest,Stage 1 only,0.0,0,0.8833333333333333,0.9772222222222222,0.8771929824561403,0.9259259259259259,0.8333333333333334,0.9333333333333333,28,2,5,25
8,Random Forest,Stage 1 + Stage 2,1.0,60,0.9333333333333333,0.9861111111111112,0.9333333333333333,0.9333333333333333,0.9333333333333333,0.9333333333333333,28,2,2,28
8,Random Forest,Cascade,0.35,21,0.95,0.9888888888888889,0.9508196721311475,0.9354838709677419,0.9666666666666667,0.9333333333333333,28,2,1,29
8,XGBoost,Stage 1 only,0.0,0,0.8666666666666667,0.95,0.8518518518518519,0.9583333333333334,0.7666666666666667,0.9666666666666667,29,1,7,23
8,XGBoost,Stage 1 + Stage 2,1.0,60,0.95,0.9788888888888889,0.9473684210526315,1.0,0.9,1.0,30,0,3,27
8,XGBoost,Cascade,0.18333333333333332,11,0.9166666666666666,0.9577777777777778,0.9090909090909091,1.0,0.8333333333333334,1.0,30,0,5,25
9,Logistic Regression,Stage 1 only,0.0,0,0.95,0.9688888888888889,0.9473684210526315,1.0,0.9,1.0,30,0,3,27
9,Logistic Regression,Stage 1 + Stage 2,1.0,60,0.9166666666666666,0.95,0.9122807017543859,0.9629629629629629,0.8666666666666667,0.9666666666666667,29,1,4,26
9,Logistic Regression,Cascade,0.2,12,0.9166666666666666,0.9755555555555556,0.9122807017543859,0.9629629629629629,0.8666666666666667,0.9666666666666667,29,1,4,26
9,Random Forest,Stage 1 only,0.0,0,0.9,0.9738888888888889,0.9,0.9,0.9,0.9,27,3,3,27
9,Random Forest,Stage 1 + Stage 2,1.0,60,0.9166666666666666,0.9727777777777779,0.9152542372881356,0.9310344827586207,0.9,0.9333333333333333,28,2,3,27
9,Random Forest,Cascade,0.4166666666666667,25,0.9166666666666666,0.976111111111111,0.9152542372881356,0.9310344827586207,0.9,0.9333333333333333,28,2,3,27
9,XGBoost,Stage 1 only,0.0,0,0.8166666666666667,0.9377777777777777,0.8,0.88,0.7333333333333333,0.9,27,3,8,22
9,XGBoost,Stage 1 + Stage 2,1.0,60,0.85,0.9188888888888889,0.8301886792452831,0.9565217391304348,0.7333333333333333,0.9666666666666667,29,1,8,22
9,XGBoost,Cascade,0.21666666666666667,13,0.8666666666666667,0.9600000000000001,0.8518518518518519,0.9583333333333334,0.7666666666666667,0.9666666666666667,29,1,7,23
10,Logistic Regression,Stage 1 only,0.0,0,0.8833333333333333,0.9366666666666666,0.8813559322033898,0.896551724137931,0.8666666666666667,0.9,27,3,4,26
10,Logistic Regression,Stage 1 + Stage 2,1.0,60,0.8666666666666667,0.94,0.8620689655172413,0.8928571428571429,0.8333333333333334,0.9,27,3,5,25
10,Logistic Regression,Cascade,0.13333333333333333,8,0.8833333333333333,0.9355555555555556,0.8771929824561403,0.9259259259259259,0.8333333333333334,0.9333333333333333,28,2,5,25
10,Random Forest,Stage 1 only,0.0,0,0.8833333333333333,0.9405555555555556,0.8813559322033898,0.896551724137931,0.8666666666666667,0.9,27,3,4,26
10,Random Forest,Stage 1 + Stage 2,1.0,60,0.8333333333333334,0.9416666666666668,0.8275862068965517,0.8571428571428571,0.8,0.8666666666666667,26,4,6,24
10,Random Forest,Cascade,0.38333333333333336,23,0.8333333333333334,0.9261111111111111,0.8275862068965517,0.8571428571428571,0.8,0.8666666666666667,26,4,6,24
10,XGBoost,Stage 1 only,0.0,0,0.8333333333333334,0.8977777777777778,0.8333333333333334,0.8333333333333334,0.8333333333333334,0.8333333333333334,25,5,5,25
10,XGBoost,Stage 1 + Stage 2,1.0,60,0.8,0.9,0.7931034482758621,0.8214285714285714,0.7666666666666667,0.8333333333333334,25,5,7,23
10,XGBoost,Cascade,0.2,12,0.8,0.8911111111111111,0.7931034482758621,0.8214285714285714,0.7666666666666667,0.8333333333333334,25,5,7,23
11,Logistic Regression,Stage 1 only,0.0,0,0.9166666666666666,0.9700000000000001,0.9090909090909091,1.0,0.8333333333333334,1.0,30,0,5,25
11,Logistic Regression,Stage 1 + Stage 2,1.0,60,0.95,0.9666666666666668,0.9491525423728814,0.9655172413793104,0.9333333333333333,0.9666666666666667,29,1,2,28
11,Logistic Regression,Cascade,0.16666666666666666,10,0.9333333333333333,0.9766666666666666,0.9310344827586207,0.9642857142857143,0.9,0.9666666666666667,29,1,3,27
11,Random Forest,Stage 1 only,0.0,0,0.9,0.9605555555555555,0.9032258064516129,0.875,0.9333333333333333,0.8666666666666667,26,4,2,28
11,Random Forest,Stage 1 + Stage 2,1.0,60,0.9333333333333333,0.985,0.9333333333333333,0.9333333333333333,0.9333333333333333,0.9333333333333333,28,2,2,28
11,Random Forest,Cascade,0.4,24,0.9333333333333333,0.985,0.9333333333333333,0.9333333333333333,0.9333333333333333,0.9333333333333333,28,2,2,28
11,XGBoost,Stage 1 only,0.0,0,0.85,0.9433333333333334,0.8571428571428571,0.8181818181818182,0.9,0.8,24,6,3,27
11,XGBoost,Stage 1 + Stage 2,1.0,60,0.8333333333333334,0.951111111111111,0.8275862068965517,0.8571428571428571,0.8,0.8666666666666667,26,4,6,24
11,XGBoost,Cascade,0.25,15,0.85,0.9366666666666668,0.847457627118644,0.8620689655172413,0.8333333333333334,0.8666666666666667,26,4,5,25
12,Logistic Regression,Stage 1 only,0.0,0,0.9166666666666666,0.9777777777777777,0.9180327868852459,0.9032258064516129,0.9333333333333333,0.9,27,3,2,28
12,Logistic Regression,Stage 1 + Stage 2,1.0,60,0.9333333333333333,0.9777777777777777,0.9333333333333333,0.9333333333333333,0.9333333333333333,0.9333333333333333,28,2,2,28
12,Logistic Regression,Cascade,0.13333333333333333,8,0.9166666666666666,0.98,0.9180327868852459,0.9032258064516129,0.9333333333333333,0.9,27,3,2,28
12,Random Forest,Stage 1 only,0.0,0,0.85,0.9527777777777778,0.847457627118644,0.8620689655172413,0.8333333333333334,0.8666666666666667,26,4,5,25
12,Random Forest,Stage 1 + Stage 2,1.0,60,0.9333333333333333,0.976111111111111,0.9354838709677419,0.90625,0.9666666666666667,0.9,27,3,1,29
12,Random Forest,Cascade,0.38333333333333336,23,0.9333333333333333,0.9722222222222222,0.9354838709677419,0.90625,0.9666666666666667,0.9,27,3,1,29
12,XGBoost,Stage 1 only,0.0,0,0.85,0.9366666666666668,0.847457627118644,0.8620689655172413,0.8333333333333334,0.8666666666666667,26,4,5,25
12,XGBoost,Stage 1 + Stage 2,1.0,60,0.9,0.9644444444444444,0.896551724137931,0.9285714285714286,0.8666666666666667,0.9333333333333333,28,2,4,26
12,XGBoost,Cascade,0.2,12,0.8833333333333333,0.9311111111111111,0.8771929824561403,0.9259259259259259,0.8333333333333334,0.9333333333333333,28,2,5,25
13,Logistic Regression,Stage 1 only,0.0,0,0.85,0.9655555555555555,0.8571428571428571,0.8181818181818182,0.9,0.8,24,6,3,27
13,Logistic Regression,Stage 1 + Stage 2,1.0,60,0.9333333333333333,0.9733333333333334,0.9375,0.8823529411764706,1.0,0.8666666666666667,26,4,0,30
13,Logistic Regression,Cascade,0.2,12,0.95,0.9944444444444445,0.9523809523809523,0.9090909090909091,1.0,0.9,27,3,0,30
13,Random Forest,Stage 1 only,0.0,0,0.9166666666666666,0.9661111111111111,0.9206349206349206,0.8787878787878788,0.9666666666666667,0.8666666666666667,26,4,1,29
13,Random Forest,Stage 1 + Stage 2,1.0,60,0.9,0.9727777777777777,0.90625,0.8529411764705882,0.9666666666666667,0.8333333333333334,25,5,1,29
13,Random Forest,Cascade,0.38333333333333336,23,0.9,0.9711111111111111,0.90625,0.8529411764705882,0.9666666666666667,0.8333333333333334,25,5,1,29
13,XGBoost,Stage 1 only,0.0,0,0.8,0.9333333333333333,0.8,0.8,0.8,0.8,24,6,6,24
13,XGBoost,Stage 1 + Stage 2,1.0,60,0.8833333333333333,0.9344444444444444,0.8813559322033898,0.896551724137931,0.8666666666666667,0.9,27,3,4,26
13,XGBoost,Cascade,0.11666666666666667,7,0.8666666666666667,0.9377777777777778,0.8666666666666667,0.8666666666666667,0.8666666666666667,0.8666666666666667,26,4,4,26
14,Logistic Regression,Stage 1 only,0.0,0,0.9166666666666666,0.9688888888888889,0.9180327868852459,0.9032258064516129,0.9333333333333333,0.9,27,3,2,28
14,Logistic Regression,Stage 1 + Stage 2,1.0,60,0.8833333333333333,0.9577777777777778,0.8813559322033898,0.896551724137931,0.8666666666666667,0.9,27,3,4,26
14,Logistic Regression,Cascade,0.11666666666666667,7,0.9333333333333333,0.9466666666666667,0.9333333333333333,0.9333333333333333,0.9333333333333333,0.9333333333333333,28,2,2,28
14,Random Forest,Stage 1 only,0.0,0,0.9,0.9633333333333334,0.896551724137931,0.9285714285714286,0.8666666666666667,0.9333333333333333,28,2,4,26
14,Random Forest,Stage 1 + Stage 2,1.0,60,0.9333333333333333,0.9861111111111112,0.9333333333333333,0.9333333333333333,0.9333333333333333,0.9333333333333333,28,2,2,28
14,Random Forest,Cascade,0.38333333333333336,23,0.9333333333333333,0.9672222222222222,0.9333333333333333,0.9333333333333333,0.9333333333333333,0.9333333333333333,28,2,2,28
14,XGBoost,Stage 1 only,0.0,0,0.8833333333333333,0.9566666666666668,0.8771929824561403,0.9259259259259259,0.8333333333333334,0.9333333333333333,28,2,5,25
14,XGBoost,Stage 1 + Stage 2,1.0,60,0.8833333333333333,0.9655555555555555,0.8771929824561403,0.9259259259259259,0.8333333333333334,0.9333333333333333,28,2,5,25
14,XGBoost,Cascade,0.15,9,0.9166666666666666,0.9522222222222222,0.9122807017543859,0.9629629629629629,0.8666666666666667,0.9666666666666667,29,1,4,26
15,Logistic Regression,Stage 1 only,0.0,0,0.9333333333333333,0.9911111111111112,0.9333333333333333,0.9333333333333333,0.9333333333333333,0.9333333333333333,28,2,2,28
15,Logistic Regression,Stage 1 + Stage 2,1.0,60,0.9166666666666666,0.9788888888888889,0.9152542372881356,0.9310344827586207,0.9,0.9333333333333333,28,2,3,27
15,Logistic Regression,Cascade,0.1,6,0.9333333333333333,0.9877777777777779,0.9333333333333333,0.9333333333333333,0.9333333333333333,0.9333333333333333,28,2,2,28
15,Random Forest,Stage 1 only,0.0,0,0.9,0.9700000000000001,0.9032258064516129,0.875,0.9333333333333333,0.8666666666666667,26,4,2,28
15,Random Forest,Stage 1 + Stage 2,1.0,60,0.9166666666666666,0.97,0.9152542372881356,0.9310344827586207,0.9,0.9333333333333333,28,2,3,27
15,Random Forest,Cascade,0.4,24,0.9166666666666666,0.9694444444444444,0.9152542372881356,0.9310344827586207,0.9,0.9333333333333333,28,2,3,27
15,XGBoost,Stage 1 only,0.0,0,0.9166666666666666,0.9611111111111111,0.9180327868852459,0.9032258064516129,0.9333333333333333,0.9,27,3,2,28
15,XGBoost,Stage 1 + Stage 2,1.0,60,0.9,0.9355555555555557,0.896551724137931,0.9285714285714286,0.8666666666666667,0.9333333333333333,28,2,4,26
15,XGBoost,Cascade,0.11666666666666667,7,0.9333333333333333,0.9688888888888889,0.9333333333333333,0.9333333333333333,0.9333333333333333,0.9333333333333333,28,2,2,28
16,Logistic Regression,Stage 1 only,0.0,0,0.9166666666666666,0.9855555555555555,0.9180327868852459,0.9032258064516129,0.9333333333333333,0.9,27,3,2,28
16,Logistic Regression,Stage 1 + Stage 2,1.0,60,0.9666666666666667,0.9933333333333334,0.9666666666666667,0.9666666666666667,0.9666666666666667,0.9666666666666667,29,1,1,29
16,Logistic Regression,Cascade,0.11666666666666667,7,0.9666666666666667,0.9977777777777778,0.9666666666666667,0.9666666666666667,0.9666666666666667,0.9666666666666667,29,1,1,29
16,Random Forest,Stage 1 only,0.0,0,0.9166666666666666,0.9911111111111112,0.9152542372881356,0.9310344827586207,0.9,0.9333333333333333,28,2,3,27
16,Random Forest,Stage 1 + Stage 2,1.0,60,0.95,0.9861111111111112,0.9473684210526315,1.0,0.9,1.0,30,0,3,27
16,Random Forest,Cascade,0.35,21,0.95,0.9916666666666667,0.9473684210526315,1.0,0.9,1.0,30,0,3,27
16,XGBoost,Stage 1 only,0.0,0,0.8833333333333333,0.96,0.8771929824561403,0.9259259259259259,0.8333333333333334,0.9333333333333333,28,2,5,25
16,XGBoost,Stage 1 + Stage 2,1.0,60,0.9,0.9822222222222221,0.8928571428571429,0.9615384615384616,0.8333333333333334,0.9666666666666667,29,1,5,25
16,XGBoost,Cascade,0.15,9,0.8666666666666667,0.9788888888888889,0.8571428571428571,0.9230769230769231,0.8,0.9333333333333333,28,2,6,24
17,Logistic Regression,Stage 1 only,0.0,0,1.0,1.0,1.0,1.0,1.0,1.0,30,0,0,30
17,Logistic Regression,Stage 1 + Stage 2,1.0,60,0.9833333333333333,0.9988888888888889,0.9830508474576272,1.0,0.9666666666666667,1.0,30,0,1,29
17,Logistic Regression,Cascade,0.11666666666666667,7,0.9833333333333333,0.9988888888888889,0.9830508474576272,1.0,0.9666666666666667,1.0,30,0,1,29
17,Random Forest,Stage 1 only,0.0,0,0.9333333333333333,0.9977777777777778,0.9375,0.8823529411764706,1.0,0.8666666666666667,26,4,0,30
17,Random Forest,Stage 1 + Stage 2,1.0,60,0.9833333333333333,0.9966666666666667,0.9836065573770492,0.967741935483871,1.0,0.9666666666666667,29,1,0,30
17,Random Forest,Cascade,0.31666666666666665,19,0.9833333333333333,0.9966666666666666,0.9836065573770492,0.967741935483871,1.0,0.9666666666666667,29,1,0,30
17,XGBoost,Stage 1 only,0.0,0,0.9333333333333333,0.9933333333333334,0.9333333333333333,0.9333333333333333,0.9333333333333333,0.9333333333333333,28,2,2,28
17,XGBoost,Stage 1 + Stage 2,1.0,60,0.9333333333333333,0.9922222222222222,0.9333333333333333,0.9333333333333333,0.9333333333333333,0.9333333333333333,28,2,2,28
17,XGBoost,Cascade,0.15,9,0.9333333333333333,0.9922222222222222,0.9333333333333333,0.9333333333333333,0.9333333333333333,0.9333333333333333,28,2,2,28
18,Logistic Regression,Stage 1 only,0.0,0,0.8833333333333333,0.9488888888888889,0.8813559322033898,0.896551724137931,0.8666666666666667,0.9,27,3,4,26
18,Logistic Regression,Stage 1 + Stage 2,1.0,60,0.8833333333333333,0.9333333333333333,0.8813559322033898,0.896551724137931,0.8666666666666667,0.9,27,3,4,26
18,Logistic Regression,Cascade,0.06666666666666667,4,0.9,0.9566666666666668,0.896551724137931,0.9285714285714286,0.8666666666666667,0.9333333333333333,28,2,4,26
18,Random Forest,Stage 1 only,0.0,0,0.85,0.9455555555555555,0.8571428571428571,0.8181818181818182,0.9,0.8,24,6,3,27
18,Random Forest,Stage 1 + Stage 2,1.0,60,0.8166666666666667,0.9266666666666666,0.819672131147541,0.8064516129032258,0.8333333333333334,0.8,24,6,5,25
18,Random Forest,Cascade,0.36666666666666664,22,0.8166666666666667,0.9366666666666668,0.819672131147541,0.8064516129032258,0.8333333333333334,0.8,24,6,5,25
18,XGBoost,Stage 1 only,0.0,0,0.8833333333333333,0.95,0.8852459016393442,0.8709677419354839,0.9,0.8666666666666667,26,4,3,27
18,XGBoost,Stage 1 + Stage 2,1.0,60,0.8166666666666667,0.8822222222222222,0.8135593220338984,0.8275862068965517,0.8,0.8333333333333334,25,5,6,24
18,XGBoost,Cascade,0.16666666666666666,10,0.8333333333333334,0.9411111111111111,0.8275862068965517,0.8571428571428571,0.8,0.8666666666666667,26,4,6,24
19,Logistic Regression,Stage 1 only,0.0,0,0.8833333333333333,0.95,0.8771929824561403,0.9259259259259259,0.8333333333333334,0.9333333333333333,28,2,5,25
19,Logistic Regression,Stage 1 + Stage 2,1.0,60,0.9333333333333333,0.9666666666666668,0.9310344827586207,0.9642857142857143,0.9,0.9666666666666667,29,1,3,27
19,Logistic Regression,Cascade,0.18333333333333332,11,0.9333333333333333,0.9588888888888889,0.9310344827586207,0.9642857142857143,0.9,0.9666666666666667,29,1,3,27
19,Random Forest,Stage 1 only,0.0,0,0.85,0.9422222222222223,0.8615384615384616,0.8,0.9333333333333333,0.7666666666666667,23,7,2,28
19,Random Forest,Stage 1 + Stage 2,1.0,60,0.9166666666666666,0.9694444444444444,0.9180327868852459,0.9032258064516129,0.9333333333333333,0.9,27,3,2,28
19,Random Forest,Cascade,0.43333333333333335,26,0.9,0.9505555555555556,0.9032258064516129,0.875,0.9333333333333333,0.8666666666666667,26,4,2,28
19,XGBoost,Stage 1 only,0.0,0,0.85,0.9211111111111112,0.8524590163934426,0.8387096774193549,0.8666666666666667,0.8333333333333334,25,5,4,26
19,XGBoost,Stage 1 + Stage 2,1.0,60,0.9,0.9266666666666666,0.9032258064516129,0.875,0.9333333333333333,0.8666666666666667,26,4,2,28
19,XGBoost,Cascade,0.13333333333333333,8,0.9,0.9266666666666667,0.9032258064516129,0.875,0.9333333333333333,0.8666666666666667,26,4,2,28
20,Logistic Regression,Stage 1 only,0.0,0,0.8333333333333334,0.918888888888889,0.8275862068965517,0.8571428571428571,0.8,0.8666666666666667,26,4,6,24
20,Logistic Regression,Stage 1 + Stage 2,1.0,60,0.8666666666666667,0.9344444444444444,0.8666666666666667,0.8666666666666667,0.8666666666666667,0.8666666666666667,26,4,4,26
20,Logistic Regression,Cascade,0.1,6,0.8666666666666667,0.9100000000000001,0.8620689655172413,0.8928571428571429,0.8333333333333334,0.9,27,3,5,25
20,Random Forest,Stage 1 only,0.0,0,0.8,0.9016666666666666,0.8064516129032258,0.78125,0.8333333333333334,0.7666666666666667,23,7,5,25
20,Random Forest,Stage 1 + Stage 2,1.0,60,0.8333333333333334,0.9177777777777778,0.8387096774193549,0.8125,0.8666666666666667,0.8,24,6,4,26
20,Random Forest,Cascade,0.4,24,0.8166666666666667,0.8977777777777778,0.819672131147541,0.8064516129032258,0.8333333333333334,0.8,24,6,5,25
20,XGBoost,Stage 1 only,0.0,0,0.7666666666666667,0.8866666666666667,0.7666666666666667,0.7666666666666667,0.7666666666666667,0.7666666666666667,23,7,7,23
20,XGBoost,Stage 1 + Stage 2,1.0,60,0.8166666666666667,0.9044444444444444,0.8070175438596491,0.8518518518518519,0.7666666666666667,0.8666666666666667,26,4,7,23
20,XGBoost,Cascade,0.21666666666666667,13,0.8166666666666667,0.8922222222222222,0.8070175438596491,0.8518518518518519,0.7666666666666667,0.8666666666666667,26,4,7,23
21,Logistic Regression,Stage 1 only,0.0,0,0.8833333333333333,0.9677777777777777,0.8852459016393442,0.8709677419354839,0.9,0.8666666666666667,26,4,3,27
21,Logistic Regression,Stage 1 + Stage 2,1.0,60,0.8833333333333333,0.9522222222222222,0.8888888888888888,0.8484848484848485,0.9333333333333333,0.8333333333333334,25,5,2,28
21,Logistic Regression,Cascade,0.11666666666666667,7,0.9333333333333333,0.961111111111111,0.9333333333333333,0.9333333333333333,0.9333333333333333,0.9333333333333333,28,2,2,28
21,Random Forest,Stage 1 only,0.0,0,0.8666666666666667,0.9366666666666668,0.8709677419354839,0.84375,0.9,0.8333333333333334,25,5,3,27
21,Random Forest,Stage 1 + Stage 2,1.0,60,0.9333333333333333,0.9588888888888889,0.9333333333333333,0.9333333333333333,0.9333333333333333,0.9333333333333333,28,2,2,28
21,Random Forest,Cascade,0.43333333333333335,26,0.9333333333333333,0.9483333333333334,0.9333333333333333,0.9333333333333333,0.9333333333333333,0.9333333333333333,28,2,2,28
21,XGBoost,Stage 1 only,0.0,0,0.8333333333333334,0.9188888888888889,0.8387096774193549,0.8125,0.8666666666666667,0.8,24,6,4,26
21,XGBoost,Stage 1 + Stage 2,1.0,60,0.8666666666666667,0.9255555555555556,0.8666666666666667,0.8666666666666667,0.8666666666666667,0.8666666666666667,26,4,4,26
21,XGBoost,Cascade,0.23333333333333334,14,0.8833333333333333,0.9255555555555556,0.8813559322033898,0.896551724137931,0.8666666666666667,0.9,27,3,4,26
22,Logistic Regression,Stage 1 only,0.0,0,0.9166666666666666,0.9822222222222222,0.9206349206349206,0.8787878787878788,0.9666666666666667,0.8666666666666667,26,4,1,29
22,Logistic Regression,Stage 1 + Stage 2,1.0,60,0.95,0.9866666666666668,0.9491525423728814,0.9655172413793104,0.9333333333333333,0.9666666666666667,29,1,2,28
22,Logistic Regression,Cascade,0.15,9,0.9666666666666667,0.9788888888888889,0.9666666666666667,0.9666666666666667,0.9666666666666667,0.9666666666666667,29,1,1,29
22,Random Forest,Stage 1 only,0.0,0,0.9,0.9522222222222222,0.9,0.9,0.9,0.9,27,3,3,27
22,Random Forest,Stage 1 + Stage 2,1.0,60,0.9,0.975,0.9032258064516129,0.875,0.9333333333333333,0.8666666666666667,26,4,2,28
22,Random Forest,Cascade,0.48333333333333334,29,0.9,0.9650000000000001,0.9032258064516129,0.875,0.9333333333333333,0.8666666666666667,26,4,2,28
22,XGBoost,Stage 1 only,0.0,0,0.8666666666666667,0.93,0.8571428571428571,0.9230769230769231,0.8,0.9333333333333333,28,2,6,24
22,XGBoost,Stage 1 + Stage 2,1.0,60,0.8166666666666667,0.8966666666666666,0.8070175438596491,0.8518518518518519,0.7666666666666667,0.8666666666666667,26,4,7,23
22,XGBoost,Cascade,0.11666666666666667,7,0.8333333333333334,0.9288888888888889,0.8275862068965517,0.8571428571428571,0.8,0.8666666666666667,26,4,6,24
23,Logistic Regression,Stage 1 only,0.0,0,0.9,0.98,0.9,0.9,0.9,0.9,27,3,3,27
23,Logistic Regression,Stage 1 + Stage 2,1.0,60,0.9,0.9522222222222222,0.9,0.9,0.9,0.9,27,3,3,27
23,Logistic Regression,Cascade,0.15,9,0.9,0.9411111111111111,0.9,0.9,0.9,0.9,27,3,3,27
23,Random Forest,Stage 1 only,0.0,0,0.9,0.9694444444444444,0.9032258064516129,0.875,0.9333333333333333,0.8666666666666667,26,4,2,28
23,Random Forest,Stage 1 + Stage 2,1.0,60,0.9166666666666666,0.9688888888888888,0.9152542372881356,0.9310344827586207,0.9,0.9333333333333333,28,2,3,27
23,Random Forest,Cascade,0.38333333333333336,23,0.9166666666666666,0.9761111111111112,0.9152542372881356,0.9310344827586207,0.9,0.9333333333333333,28,2,3,27
23,XGBoost,Stage 1 only,0.0,0,0.8,0.8955555555555557,0.7857142857142857,0.8461538461538461,0.7333333333333333,0.8666666666666667,26,4,8,22
23,XGBoost,Stage 1 + Stage 2,1.0,60,0.8666666666666667,0.9188888888888889,0.8571428571428571,0.9230769230769231,0.8,0.9333333333333333,28,2,6,24
23,XGBoost,Cascade,0.11666666666666667,7,0.8333333333333334,0.9177777777777778,0.8214285714285714,0.8846153846153846,0.7666666666666667,0.9,27,3,7,23
24,Logistic Regression,Stage 1 only,0.0,0,0.8833333333333333,0.9555555555555556,0.8813559322033898,0.896551724137931,0.8666666666666667,0.9,27,3,4,26
24,Logistic Regression,Stage 1 + Stage 2,1.0,60,0.9,0.9588888888888889,0.9,0.9,0.9,0.9,27,3,3,27
24,Logistic Regression,Cascade,0.13333333333333333,8,0.8833333333333333,0.9533333333333334,0.8813559322033898,0.896551724137931,0.8666666666666667,0.9,27,3,4,26
24,Random Forest,Stage 1 only,0.0,0,0.9166666666666666,0.9794444444444445,0.9206349206349206,0.8787878787878788,0.9666666666666667,0.8666666666666667,26,4,1,29
24,Random Forest,Stage 1 + Stage 2,1.0,60,0.9166666666666666,0.9816666666666667,0.9180327868852459,0.9032258064516129,0.9333333333333333,0.9,27,3,2,28
24,Random Forest,Cascade,0.4,24,0.9166666666666666,0.9833333333333333,0.9180327868852459,0.9032258064516129,0.9333333333333333,0.9,27,3,2,28
24,XGBoost,Stage 1 only,0.0,0,0.8166666666666667,0.9266666666666666,0.8135593220338984,0.8275862068965517,0.8,0.8333333333333334,25,5,6,24
24,XGBoost,Stage 1 + Stage 2,1.0,60,0.8333333333333334,0.94,0.8333333333333334,0.8333333333333334,0.8333333333333334,0.8333333333333334,25,5,5,25
24,XGBoost,Cascade,0.2,12,0.8333333333333334,0.9455555555555555,0.8275862068965517,0.8571428571428571,0.8,0.8666666666666667,26,4,6,24
25,Logistic Regression,Stage 1 only,0.0,0,0.8833333333333333,0.98,0.8888888888888888,0.8484848484848485,0.9333333333333333,0.8333333333333334,25,5,2,28
25,Logistic Regression,Stage 1 + Stage 2,1.0,60,0.9,0.9577777777777778,0.9032258064516129,0.875,0.9333333333333333,0.8666666666666667,26,4,2,28
25,Logistic Regression,Cascade,0.23333333333333334,14,0.9,0.9644444444444444,0.9032258064516129,0.875,0.9333333333333333,0.8666666666666667,26,4,2,28
25,Random Forest,Stage 1 only,0.0,0,0.9,0.9627777777777778,0.896551724137931,0.9285714285714286,0.8666666666666667,0.9333333333333333,28,2,4,26
25,Random Forest,Stage 1 + Stage 2,1.0,60,0.9166666666666666,0.9844444444444445,0.9152542372881356,0.9310344827586207,0.9,0.9333333333333333,28,2,3,27
25,Random Forest,Cascade,0.4666666666666667,28,0.9166666666666666,0.9711111111111111,0.9152542372881356,0.9310344827586207,0.9,0.9333333333333333,28,2,3,27
25,XGBoost,Stage 1 only,0.0,0,0.85,0.9333333333333333,0.847457627118644,0.8620689655172413,0.8333333333333334,0.8666666666666667,26,4,5,25
25,XGBoost,Stage 1 + Stage 2,1.0,60,0.8666666666666667,0.94,0.8620689655172413,0.8928571428571429,0.8333333333333334,0.9,27,3,5,25
25,XGBoost,Cascade,0.23333333333333334,14,0.8666666666666667,0.9344444444444444,0.8620689655172413,0.8928571428571429,0.8333333333333334,0.9,27,3,5,25
26,Logistic Regression,Stage 1 only,0.0,0,0.9,0.9522222222222223,0.896551724137931,0.9285714285714286,0.8666666666666667,0.9333333333333333,28,2,4,26
26,Logistic Regression,Stage 1 + Stage 2,1.0,60,0.9,0.9655555555555555,0.896551724137931,0.9285714285714286,0.8666666666666667,0.9333333333333333,28,2,4,26
26,Logistic Regression,Cascade,0.13333333333333333,8,0.8833333333333333,0.9466666666666668,0.8771929824561403,0.9259259259259259,0.8333333333333334,0.9333333333333333,28,2,5,25
26,Random Forest,Stage 1 only,0.0,0,0.9166666666666666,0.9522222222222222,0.9152542372881356,0.9310344827586207,0.9,0.9333333333333333,28,2,3,27
26,Random Forest,Stage 1 + Stage 2,1.0,60,0.9333333333333333,0.9872222222222222,0.9333333333333333,0.9333333333333333,0.9333333333333333,0.9333333333333333,28,2,2,28
26,Random Forest,Cascade,0.36666666666666664,22,0.9333333333333333,0.9583333333333334,0.9333333333333333,0.9333333333333333,0.9333333333333333,0.9333333333333333,28,2,2,28
26,XGBoost,Stage 1 only,0.0,0,0.9,0.908888888888889,0.896551724137931,0.9285714285714286,0.8666666666666667,0.9333333333333333,28,2,4,26
26,XGBoost,Stage 1 + Stage 2,1.0,60,0.8833333333333333,0.9322222222222223,0.8771929824561403,0.9259259259259259,0.8333333333333334,0.9333333333333333,28,2,5,25
26,XGBoost,Cascade,0.11666666666666667,7,0.8833333333333333,0.9111111111111112,0.8771929824561403,0.9259259259259259,0.8333333333333334,0.9333333333333333,28,2,5,25
27,Logistic Regression,Stage 1 only,0.0,0,0.8666666666666667,0.9688888888888888,0.8571428571428571,0.9230769230769231,0.8,0.9333333333333333,28,2,6,24
27,Logistic Regression,Stage 1 + Stage 2,1.0,60,0.9333333333333333,0.9688888888888889,0.9354838709677419,0.90625,0.9666666666666667,0.9,27,3,1,29
27,Logistic Regression,Cascade,0.21666666666666667,13,0.9166666666666666,0.9766666666666667,0.9180327868852459,0.9032258064516129,0.9333333333333333,0.9,27,3,2,28
27,Random Forest,Stage 1 only,0.0,0,0.9166666666666666,0.9772222222222221,0.9152542372881356,0.9310344827586207,0.9,0.9333333333333333,28,2,3,27
27,Random Forest,Stage 1 + Stage 2,1.0,60,0.95,0.9844444444444445,0.9491525423728814,0.9655172413793104,0.9333333333333333,0.9666666666666667,29,1,2,28
27,Random Forest,Cascade,0.43333333333333335,26,0.95,0.9861111111111112,0.9491525423728814,0.9655172413793104,0.9333333333333333,0.9666666666666667,29,1,2,28
27,XGBoost,Stage 1 only,0.0,0,0.85,0.9644444444444444,0.8301886792452831,0.9565217391304348,0.7333333333333333,0.9666666666666667,29,1,8,22
27,XGBoost,Stage 1 + Stage 2,1.0,60,0.9,0.9766666666666666,0.896551724137931,0.9285714285714286,0.8666666666666667,0.9333333333333333,28,2,4,26
27,XGBoost,Cascade,0.21666666666666667,13,0.8666666666666667,0.9677777777777777,0.8571428571428571,0.9230769230769231,0.8,0.9333333333333333,28,2,6,24
28,Logistic Regression,Stage 1 only,0.0,0,0.9666666666666667,0.9855555555555555,0.9666666666666667,0.9666666666666667,0.9666666666666667,0.9666666666666667,29,1,1,29
28,Logistic Regression,Stage 1 + Stage 2,1.0,60,0.9833333333333333,0.9855555555555555,0.9830508474576272,1.0,0.9666666666666667,1.0,30,0,1,29
28,Logistic Regression,Cascade,0.08333333333333333,5,0.9833333333333333,0.9855555555555555,0.9830508474576272,1.0,0.9666666666666667,1.0,30,0,1,29
28,Random Forest,Stage 1 only,0.0,0,0.9166666666666666,0.9772222222222223,0.9180327868852459,0.9032258064516129,0.9333333333333333,0.9,27,3,2,28
28,Random Forest,Stage 1 + Stage 2,1.0,60,0.9333333333333333,0.9805555555555555,0.9333333333333333,0.9333333333333333,0.9333333333333333,0.9333333333333333,28,2,2,28
28,Random Forest,Cascade,0.4,24,0.9333333333333333,0.98,0.9333333333333333,0.9333333333333333,0.9333333333333333,0.9333333333333333,28,2,2,28
28,XGBoost,Stage 1 only,0.0,0,0.8666666666666667,0.9466666666666668,0.8518518518518519,0.9583333333333334,0.7666666666666667,0.9666666666666667,29,1,7,23
28,XGBoost,Stage 1 + Stage 2,1.0,60,0.8666666666666667,0.9544444444444444,0.8571428571428571,0.9230769230769231,0.8,0.9333333333333333,28,2,6,24
28,XGBoost,Cascade,0.18333333333333332,11,0.8833333333333333,0.95,0.8771929824561403,0.9259259259259259,0.8333333333333334,0.9333333333333333,28,2,5,25
29,Logistic Regression,Stage 1 only,0.0,0,0.9333333333333333,0.9933333333333334,0.9333333333333333,0.9333333333333333,0.9333333333333333,0.9333333333333333,28,2,2,28
29,Logistic Regression,Stage 1 + Stage 2,1.0,60,0.8666666666666667,0.9655555555555555,0.8666666666666667,0.8666666666666667,0.8666666666666667,0.8666666666666667,26,4,4,26
29,Logistic Regression,Cascade,0.16666666666666666,10,0.9,0.9788888888888889,0.9,0.9,0.9,0.9,27,3,3,27
29,Random Forest,Stage 1 only,0.0,0,0.9,0.9883333333333334,0.90625,0.8529411764705882,0.9666666666666667,0.8333333333333334,25,5,1,29
29,Random Forest,Stage 1 + Stage 2,1.0,60,0.9333333333333333,0.991111111111111,0.9375,0.8823529411764706,1.0,0.8666666666666667,26,4,0,30
29,Random Forest,Cascade,0.43333333333333335,26,0.9333333333333333,0.9911111111111112,0.9375,0.8823529411764706,1.0,0.8666666666666667,26,4,0,30
29,XGBoost,Stage 1 only,0.0,0,0.9333333333333333,0.9722222222222222,0.9354838709677419,0.90625,0.9666666666666667,0.9,27,3,1,29
29,XGBoost,Stage 1 + Stage 2,1.0,60,0.95,0.9811111111111112,0.9508196721311475,0.9354838709677419,0.9666666666666667,0.9333333333333333,28,2,1,29
29,XGBoost,Cascade,0.16666666666666666,10,0.9333333333333333,0.9766666666666667,0.9354838709677419,0.90625,0.9666666666666667,0.9,27,3,1,29
30,Logistic Regression,Stage 1 only,0.0,0,0.9166666666666666,0.9744444444444444,0.9180327868852459,0.9032258064516129,0.9333333333333333,0.9,27,3,2,28
30,Logistic Regression,Stage 1 + Stage 2,1.0,60,0.9333333333333333,0.9877777777777778,0.9333333333333333,0.9333333333333333,0.9333333333333333,0.9333333333333333,28,2,2,28
30,Logistic Regression,Cascade,0.08333333333333333,5,0.9,0.9855555555555556,0.9,0.9,0.9,0.9,27,3,3,27
30,Random Forest,Stage 1 only,0.0,0,0.8333333333333334,0.9633333333333334,0.8333333333333334,0.8333333333333334,0.8333333333333334,0.8333333333333334,25,5,5,25
30,Random Forest,Stage 1 + Stage 2,1.0,60,0.9166666666666666,0.9783333333333334,0.9152542372881356,0.9310344827586207,0.9,0.9333333333333333,28,2,3,27
30,Random Forest,Cascade,0.4,24,0.9166666666666666,0.9827777777777779,0.9152542372881356,0.9310344827586207,0.9,0.9333333333333333,28,2,3,27
30,XGBoost,Stage 1 only,0.0,0,0.8166666666666667,0.9111111111111111,0.8135593220338984,0.8275862068965517,0.8,0.8333333333333334,25,5,6,24
30,XGBoost,Stage 1 + Stage 2,1.0,60,0.85,0.9322222222222223,0.8421052631578947,0.8888888888888888,0.8,0.9,27,3,6,24
30,XGBoost,Cascade,0.16666666666666666,10,0.8333333333333334,0.9199999999999999,0.8214285714285714,0.8846153846153846,0.7666666666666667,0.9,27,3,7,23
