scenario,model,configuration,threshold_low,threshold_high,n_splits,accuracy_mean,accuracy_std,auc_mean,auc_std,f1_mean,f1_std,precision_mean,precision_std,recall_mean,recall_std,specificity_mean,specificity_std,stage2_usage_mean,stage2_usage_std,n_stage2_mean,n_stage2_std
medium,Logistic Regression,Cascade,0.2,0.8,30,0.7933333333333333,0.03321819194149596,0.8624814814814815,0.03403937235674777,0.7967999045412177,0.03221582046095699,0.7856904672123243,0.0432632176912628,0.8111111111111112,0.05053986957192689,0.7755555555555556,0.05932786577761496,0.4311111111111111,0.06308379960551853,25.866666666666667,3.7850279763311123
medium,Logistic Regression,Cascade,0.3,0.7,30,0.7894444444444445,0.03403945573324552,0.8544444444444445,0.03268331736094846,0.793234481984978,0.032374133987288306,0.7813190306740331,0.043387555812857866,0.8077777777777778,0.04521835769116432,0.7711111111111111,0.05722398911083836,0.2783333333333333,0.06223026083815392,16.7,3.733815650289236
medium,Logistic Regression,Cascade,0.4,0.6,30,0.7816666666666666,0.032562936409147834,0.8437037037037036,0.026707078786893955,0.7865064805558187,0.03356899354677647,0.7709665718874562,0.042782901145439575,0.8066666666666666,0.06026760247467936,0.7566666666666666,0.06199122419661221,0.13,0.03724208882536837,7.8,2.234525329522103
medium,Logistic Regression,Stage 1 + Stage 2,,,30,0.795,0.030371265912099363,0.8827037037037038,0.02731442409400831,0.7985983359677568,0.029005001742006188,0.787122266076837,0.04147981935446565,0.8133333333333334,0.04762561531063382,0.7766666666666667,0.059467625372407074,1.0,0.0,60.0,0.0
medium,Logistic Regression,Stage 1 only,,,30,0.7566666666666666,0.03677622086968617,0.8334814814814815,0.030453830436887565,0.7637626178961414,0.037420586911928025,0.7450590824365156,0.05019578152939867,0.7899999999999999,0.07279320417946064,0.7233333333333333,0.08030115728972384,0.0,0.0,0.0,0.0
medium,Random Forest,Cascade,0.2,0.8,30,0.951111111111111,0.022714846248701997,0.9937962962962963,0.00560909704252546,0.9532445177557899,0.02111652007097134,0.9210817479484462,0.03858796123747264,0.9888888888888889,0.018222409119684476,0.9133333333333334,0.04514769292273093,0.4311111111111111,0.07564959214580282,25.866666666666667,4.538975528748168
medium,Random Forest,Cascade,0.3,0.7,30,0.9527777777777777,0.02319471688646291,0.994462962962963,0.005073917925089411,0.9550025060872496,0.021570726468099155,0.9204649469758578,0.038994225371690214,0.9933333333333334,0.016141139937050058,0.9122222222222223,0.04589120345206056,0.21944444444444444,0.0580796344133532,13.166666666666666,3.4847780648011915
medium,Random Forest,Cascade,0.4,0.6,30,0.9516666666666667,0.023712033577879137,0.9932777777777777,0.00561529186838356,0.9541462281328754,0.021757772954255922,0.9169620199008244,0.0400427817055666,0.9955555555555555,0.011524863454725337,0.9077777777777778,0.04769260875394993,0.08333333333333333,0.03890257011671367,5.0,2.334154207002821
medium,Random Forest,Stage 1 + Stage 2,,,30,0.951111111111111,0.022714846248701997,0.9916851851851851,0.007100332068415219,0.9532445177557899,0.02111652007097134,0.9210817479484462,0.03858796123747264,0.9888888888888889,0.018222409119684476,0.9133333333333334,0.04514769292273093,1.0,0.0,60.0,0.0
medium,Random Forest,Stage 1 only,,,30,0.9466666666666667,0.024913643956121962,0.9931296296296297,0.005880322210594488,0.9493955142724417,0.022629931987956185,0.9125146251071299,0.0437890893517492,0.9911111111111112,0.021322794331649724,0.9022222222222223,0.05247391859602711,0.0,0.0,0.0,0.0
medium,XGBoost,Cascade,0.2,0.8,30,0.9383333333333332,0.021059121302616435,0.9855185185185185,0.01047400777823634,0.941254608483679,0.01947932219916086,0.9039935304522592,0.037795434589274264,0.9833333333333333,0.02589397776107772,0.8933333333333333,0.04582157633951003,0.17722222222222223,0.042768944701813354,10.633333333333333,2.566136682108801
medium,XGBoost,Cascade,0.3,0.7,30,0.9361111111111111,0.021479444568068946,0.9848148148148148,0.009411519500307523,0.9391269058781723,0.01981338098143081,0.9022021516328916,0.03951554711925397,0.9811111111111112,0.02861199455541916,0.8911111111111112,0.047893026818942544,0.11111111111111112,0.04066811127388299,6.666666666666667,2.4400866764329803
medium,XGBoost,Cascade,0.4,0.6,30,0.9355555555555556,0.02040459217589569,0.9834444444444445,0.010497825597394322,0.9384228748092549,0.01896466424265961,0.9028167655136345,0.0375074618152678,0.9788888888888889,0.030928583331961627,0.8922222222222221,0.04605787907379692,0.05333333333333334,0.027473428472446815,3.2,1.6484057083468089
medium,XGBoost,Stage 1 + Stage 2,,,30,0.9333333333333333,0.03000638501656693,0.9767407407407408,0.016562723983133038,0.936201361998981,0.028297872509936657,0.9032882104454685,0.04432384977604741,0.9733333333333333,0.03321819194149598,0.8933333333333333,0.052083045976218795,1.0,0.0,60.0,0.0
medium,XGBoost,Stage 1 only,,,30,0.9288888888888889,0.0214124490830534,0.9823703703703704,0.011094751685860786,0.9321647805133616,0.01953325490509151,0.8961019444687572,0.039454873087747325,0.9733333333333333,0.030825177548251464,0.8844444444444445,0.04931199704293781,0.0,0.0,0.0,0.0
strong,Logistic Regression,Cascade,0.2,0.8,30,0.8844444444444444,0.025117857568626365,0.953,0.019445593835760666,0.8861902147476438,0.02516758232993527,0.8744749400220757,0.038877431182398677,0.9011111111111112,0.04833102121567143,0.8677777777777779,0.0506534566364522,0.18444444444444444,0.04833102121567143,11.066666666666666,2.8998612729402855
strong,Logistic Regression,Cascade,0.3,0.7,30,0.8827777777777778,0.02784856879919457,0.9495555555555556,0.019343415700163742,0.8844323445221464,0.02829953412681883,0.8731981530088768,0.0400621625329479,0.898888888888889,0.050653456636452196,0.8666666666666667,0.05104276623258508,0.10888888888888888,0.03494202459809746,6.533333333333333,2.096521475885848
strong,Logistic Regression,Cascade,0.4,0.6,30,0.8783333333333334,0.02807693317022374,0.9504444444444445,0.019290523793206414,0.8801723956760706,0.027544890107357157,0.8700998507352381,0.04479304497919946,0.8933333333333333,0.04497764451088036,0.8633333333333334,0.05560534167675356,0.04833333333333333,0.024894413043216816,2.9,1.493664782593009
strong,Logistic Regression,Stage 1 + Stage 2,,,30,0.885,0.023712033577879127,0.9507777777777778,0.015555966059170262,0.8875132858415818,0.021690040529633834,0.8716671535794994,0.03939865662549815,0.9066666666666666,0.04143036441772435,0.8633333333333334,0.05420975297866301,1.0,0.0,60.0,0.0
strong,Logistic Regression,Stage 1 only,,,30,0.8688888888888889,0.030554684766414635,0.9489259259259258,0.018049841909599778,0.871041184612085,0.030383092353469587,0.8597890962196482,0.046397843959122886,0.8855555555555555,0.04769260875395,0.8522222222222222,0.05719050193985727,0.0,0.0,0.0,0.0
strong,Random Forest,Cascade,0.2,0.8,30,0.9666666666666667,0.0190783823824113,0.9982222222222222,0.0023407108328593216,0.9675131623650366,0.018254301856739694,0.9521705750001488,0.035947091152215976,0.9844444444444445,0.01904488212411218,0.948888888888889,0.0398592671152904,0.30666666666666664,0.06646521286412012,18.4,3.987912771847206
strong,Random Forest,Cascade,0.3,0.7,30,0.9672222222222222,0.01881719547292202,0.9984444444444445,0.002065343786225499,0.9680251951351339,0.018029257623747283,0.9531175446971184,0.03513818686794886,0.9844444444444445,0.01904488212411218,0.95,0.038902570116713685,0.15,0.04266055990780605,9.0,2.5596335944683632
strong,Random Forest,Cascade,0.4,0.6,30,0.9688888888888889,0.021322794331649735,0.998537037037037,0.001819220809474615,0.9698053913275771,0.02033197965854026,0.9524021243647627,0.037498046989108906,0.9888888888888889,0.018222409119684455,0.948888888888889,0.041737487705286166,0.07222222222222222,0.025646182799969486,4.333333333333333,1.5387709679981691
strong,Random Forest,Stage 1 + Stage 2,,,30,0.9666666666666667,0.0190783823824113,0.9981851851851852,0.0024014564428043814,0.9675131623650366,0.018254301856739694,0.9521705750001488,0.035947091152215976,0.9844444444444445,0.01904488212411218,0.948888888888889,0.0398592671152904,1.0,0.0,60.0,0.0
strong,Random Forest,Stage 1 only,,,30,0.9638888888888888,0.020568236742791894,0.9982037037037037,0.002196611681808677,0.9650306379221573,0.0197114743802655,0.942101973242865,0.034273250696473925,0.99,0.01986544777561459,0.9377777777777777,0.037888051810395715,0.0,0.0,0.0,0.0
strong,XGBoost,Cascade,0.2,0.8,30,0.9388888888888889,0.024105981409580264,0.9918888888888889,0.006149478998583734,0.9409969378644817,0.023328779673505072,0.9116599150193667,0.03253556674968356,0.9733333333333333,0.030825177548251457,0.9044444444444444,0.0378880518103957,0.10111111111111111,0.03388433484883757,6.066666666666666,2.033060090930254
strong,XGBoost,Cascade,0.3,0.7,30,0.9394444444444444,0.023765832929119348,0.9912962962962963,0.006673580918528371,0.9417027294165432,0.022920514795187013,0.9099627691016408,0.031687367780020494,0.9766666666666667,0.029230226312298727,0.9022222222222223,0.03707022778450235,0.06222222222222222,0.03214351597776005,3.7333333333333334,1.9286109586656035
strong,XGBoost,Cascade,0.4,0.6,30,0.9383333333333332,0.02594940553287451,0.9915185185185185,0.006858562176153688,0.9407647792123318,0.02465418335558985,0.9095880713241916,0.03854290898905054,0.9755555555555555,0.030239571310657857,0.9011111111111112,0.04589120345206058,0.02611111111111111,0.023441184789099942,1.5666666666666667,1.4064710873459965
strong,XGBoost,Stage 1 + Stage 2,,,30,0.9394444444444444,0.024558684636193876,0.9898888888888889,0.007809731842495086,0.9414993419262079,0.023824835262235503,0.9124197299171126,0.03157618195469547,0.9733333333333333,0.029556102895862364,0.9055555555555556,0.0361810404546087,1.0,0.0,60.0,0.0
strong,XGBoost,Stage 1 only,,,30,0.9405555555555555,0.027222417702011403,0.9927407407407408,0.005899205402354491,0.9428363489302166,0.025794623563025174,0.9139467315218968,0.04254283246013692,0.9755555555555555,0.03382775089366166,0.9055555555555556,0.051849571195966705,0.0,0.0,0.0,0.0
weak,Logistic Regression,Cascade,0.2,0.8,30,0.7238888888888888,0.04887299462982443,0.7981111111111112,0.035159612942840215,0.722831901783998,0.050086877799062596,0.7270460052063794,0.054278309632110666,0.7222222222222222,0.06966440261037216,0.7255555555555555,0.07254716174244022,0.7716666666666666,0.061143321361588114,46.3,3.668599281695287
weak,Logistic Regression,Cascade,0.3,0.7,30,0.7088888888888889,0.05061562260405799,0.7615185185185186,0.045654488716914104,0.709095549553028,0.0525699704475541,0.7107986760270336,0.05813402825426618,0.7122222222222222,0.07503936812658946,0.7055555555555556,0.08262148066748973,0.5111111111111112,0.07509040953468588,30.666666666666668,4.505424572081153
weak,Logistic Regression,Cascade,0.4,0.6,30,0.6583333333333333,0.05549326009263479,0.7132222222222223,0.054892091984657575,0.66078756796,0.05548887023988482,0.6594031182521493,0.06255053196022946,0.6677777777777777,0.07755029678402213,0.6488888888888888,0.09578605363788507,0.2544444444444444,0.05430390806998196,15.266666666666667,3.258234484198918
weak,Logistic Regression,Stage 1 + Stage 2,,,30,0.7327777777777779,0.053333931988977304,0.8197777777777778,0.03398519698786457,0.7323888216176326,0.05590355797405308,0.734462356445265,0.057657837171317894,0.7344444444444443,0.07705465708702813,0.7311111111111112,0.07678069148509774,1.0,0.0,60.0,0.0
weak,Logistic Regression,Stage 1 only,,,30,0.6022222222222222,0.04769260875394994,0.6524814814814816,0.04744173306323985,0.6089941309167562,0.05009935845185176,0.6014785737197941,0.05158539075359127,0.6233333333333333,0.0812498157970208,0.5811111111111111,0.09536513147584315,0.0,0.0,0.0,0.0
weak,Random Forest,Cascade,0.2,0.8,30,0.8783333333333334,0.03639660208973031,0.9437222222222222,0.027931814288868883,0.8851524819389146,0.03501107933096889,0.8395139462185514,0.04364791492716042,0.9388888888888889,0.054725601350440224,0.8177777777777778,0.05722398911083834,0.6722222222222223,0.07648070065994102,40.333333333333336,4.588842039596462
weak,Random Forest,Cascade,0.3,0.7,30,0.8816666666666666,0.03226744085705589,0.9438703703703705,0.029755454023292195,0.8901727408547787,0.02978105761141919,0.8331662860999121,0.04175588415915421,0.9577777777777778,0.04282489816610685,0.8055555555555556,0.055421293702490645,0.3433333333333334,0.09413856258471999,20.6,5.6483137550831986
weak,Random Forest,Cascade,0.4,0.6,30,0.8777777777777778,0.030429030972509194,0.9375925925925925,0.031390146224210186,0.8885113432847321,0.02631922186131755,0.8203748671352661,0.039853837872722564,0.9711111111111111,0.035808487332005305,0.7844444444444445,0.058547772244024694,0.1388888888888889,0.06347735188071407,8.333333333333334,3.808641112842844
weak,Random Forest,Stage 1 + Stage 2,,,30,0.8777777777777778,0.038240350329970516,0.9498703703703704,0.02396192316748572,0.8842864985533259,0.03757621718746519,0.8398815552068499,0.043479440559989674,0.9366666666666668,0.05959634332684374,0.8188888888888889,0.056516591896914686,1.0,0.0,60.0,0.0
weak,Random Forest,Stage 1 only,,,30,0.8711111111111111,0.030617318282297166,0.9344814814814816,0.03160019686922811,0.88324584113166,0.025763624042954732,0.8117018115702326,0.04225477102726353,0.9711111111111111,0.03472203065081252,0.7711111111111111,0.06416772402970192,0.0,0.0,0.0,0.0
weak,XGBoost,Cascade,0.2,0.8,30,0.8772222222222222,0.029518269339114334,0.9403703703703704,0.027805095124558834,0.8845540815392011,0.02677032738173837,0.8380677383484424,0.04158090548631314,0.9388888888888889,0.04019429186264784,0.8155555555555556,0.05722398911083837,0.28833333333333333,0.05971676443029201,17.3,3.58300586581752
weak,XGBoost,Cascade,0.3,0.7,30,0.8761111111111111,0.031465889009158046,0.9361481481481481,0.02814354334856025,0.884157780748768,0.02887670311011385,0.832771659176021,0.0399795821146248,0.9444444444444444,0.04228468861707708,0.8077777777777778,0.055144069986368976,0.18000000000000002,0.043417248545530474,10.8,2.605034912731828
weak,XGBoost,Cascade,0.4,0.6,30,0.8627777777777778,0.033813590109858155,0.9328148148148149,0.02812841278980217,0.8722071519820997,0.030488390621903342,0.8184182596996004,0.039512833684806306,0.9355555555555556,0.04282489816610683,0.7899999999999999,0.05615386634044757,0.08055555555555555,0.028054180384339107,4.833333333333333,1.6832508230603467
weak,XGBoost,Stage 1 + Stage 2,,,30,0.8522222222222222,0.038589432708068146,0.9314814814814815,0.028475278626096535,0.8564585572194069,0.03931491230225943,0.8326736330810303,0.04548009833443227,0.8855555555555555,0.06705823701812899,0.8188888888888889,0.06044745879344251,1.0,0.0,60.0,0.0
weak,XGBoost,Stage 1 only,,,30,0.85,0.035287543524158076,0.9312962962962963,0.02690044926333083,0.859643506743814,0.032081380942020336,0.8100829176359177,0.041312838731835166,0.9177777777777778,0.0444061137392159,0.7822222222222223,0.05854777224402467,0.0,0.0,0.0,0.0
